<?xml version="1.0" encoding="UTF-8" standalone="no" ?>
<COLLADA xmlns="http://www.collada.org/2005/11/COLLADASchema" version="1.4.1">
    <asset>
        <contributor>
            <authoring_tool>Google SketchUp 8.0.11752</authoring_tool>
        </contributor>
        <created>2012-08-26T20:42:41Z</created>
        <modified>2012-08-26T20:42:41Z</modified>
        <unit meter="0.02539999969303608" name="inch" />
        <up_axis>Z_UP</up_axis>
    </asset>
    <library_visual_scenes>
        <visual_scene id="ID1">
            <node name="SketchUp">
                <node id="ID2" name="group_0">
                    <matrix>1 0 0 -30.07874015748031 0 1 0 -30.07874015748032 0 0 1 -16.48615366978579 0 0 0 1</matrix>
                    <node id="ID3" name="instance_0">
                        <matrix>1 0 0 486.6766639206748 0 1 0 13.59258648769303 0 0 1 0 0 0 0 1</matrix>
                        <instance_node url="#ID4" />
                    </node>
                    <node id="ID19" name="instance_1">
                        <matrix>1 0 0 0 0 1 0 0 0 0 1 0.7381221737226955 0 0 0 1</matrix>
                        <instance_node url="#ID20" />
                    </node>
                    <node id="ID55" name="instance_2">
                        <matrix>1 0 0 260.986542350934 0 1 0 13.59258648769303 0 0 1 0 0 0 0 1</matrix>
                        <instance_node url="#ID4" />
                    </node>
                </node>
            </node>
        </visual_scene>
    </library_visual_scenes>
    <library_nodes>
        <node id="ID4" name="Ring">
            <instance_geometry url="#ID5">
                <bind_material>
                    <technique_common>
                        <instance_material symbol="Material2" target="#ID6">
                            <bind_vertex_input semantic="UVSET0" input_semantic="TEXCOORD" input_set="0" />
                        </instance_material>
                    </technique_common>
                </bind_material>
            </instance_geometry>
            <instance_geometry url="#ID13">
                <bind_material>
                    <technique_common>
                        <instance_material symbol="Material2" target="#ID6">
                            <bind_vertex_input semantic="UVSET0" input_semantic="TEXCOORD" input_set="0" />
                        </instance_material>
                    </technique_common>
                </bind_material>
            </instance_geometry>
        </node>
        <node id="ID20" name="Rod">
            <instance_geometry url="#ID21">
                <bind_material>
                    <technique_common>
                        <instance_material symbol="Material2" target="#ID23">
                            <bind_vertex_input semantic="UVSET0" input_semantic="TEXCOORD" input_set="0" />
                        </instance_material>
                    </technique_common>
                </bind_material>
            </instance_geometry>
            <instance_geometry url="#ID29">
                <bind_material>
                    <technique_common>
                        <instance_material symbol="Material2" target="#ID23">
                            <bind_vertex_input semantic="UVSET0" input_semantic="TEXCOORD" input_set="0" />
                        </instance_material>
                    </technique_common>
                </bind_material>
            </instance_geometry>
            <instance_geometry url="#ID35">
                <bind_material>
                    <technique_common>
                        <instance_material symbol="Material2" target="#ID36">
                            <bind_vertex_input semantic="UVSET0" input_semantic="TEXCOORD" input_set="0" />
                        </instance_material>
                    </technique_common>
                </bind_material>
            </instance_geometry>
            <instance_geometry url="#ID43">
                <bind_material>
                    <technique_common>
                        <instance_material symbol="Material2" target="#ID36">
                            <bind_vertex_input semantic="UVSET0" input_semantic="TEXCOORD" input_set="0" />
                        </instance_material>
                    </technique_common>
                </bind_material>
            </instance_geometry>
            <instance_geometry url="#ID49">
                <bind_material>
                    <technique_common>
                        <instance_material symbol="Material2" target="#ID23">
                            <bind_vertex_input semantic="UVSET0" input_semantic="TEXCOORD" input_set="0" />
                        </instance_material>
                    </technique_common>
                </bind_material>
            </instance_geometry>
        </node>
    </library_nodes>
    <library_geometries>
        <geometry id="ID5">
            <mesh>
                <source id="ID8">
                    <float_array id="ID11" count="864">14.01574803149617 0.5617520639694469 20.75308422001508 5.684341886080802e-014 2.208725781057439 24.72923050468091 5.684341886080802e-014 0.5617520639694398 20.75308422001503 14.01574803149617 2.208725781057446 24.72923050468097 14.01574803149617 2.208725781057446 24.72923050468097 14.01574803149617 0.5617520639694469 20.75308422001508 5.684341886080802e-014 2.208725781057439 24.72923050468091 5.684341886080802e-014 0.5617520639694398 20.75308422001503 5.684341886080802e-014 0.5617520639694398 20.75308422001503 5.684341886080802e-014 0.5617520639694398 12.21922311955952 5.684341886080802e-014 0 16.48615366978725 5.684341886080802e-014 0.7381221737242854 16.48615366978728 5.684341886080802e-014 1.274723334526358 20.56204414384272 5.684341886080802e-014 2.208725781057439 24.72923050468091 5.684341886080802e-014 2.847958334599264 24.36016941781877 0 4.828682614197195 28.14362472537734 0 5.350613808581803 27.62169353099275 0 8.24307683489365 30.76358155851712 0 8.612137921755776 30.12434900497529 0 12.21922311955952 32.41055527560512 0 12.41026319573183 31.6975840050482 0 16.48615366978726 32.97230733957456 0 16.48615366978727 32.23418516585027 0 20.75308422001504 32.41055527560512 0 20.56204414384272 31.6975840050482 0 24.36016941781877 30.12434900497529 0 24.7292305046809 30.76358155851712 0 27.62169353099274 27.62169353099276 0 28.14362472537734 28.14362472537736 0 30.12434900497529 24.36016941781878 0 30.7635815585171 24.72923050468094 5.684341886080802e-014 31.69758400504819 20.56204414384273 5.684341886080802e-014 32.41055527560511 20.75308422001504 5.684341886080802e-014 32.23418516585027 16.48615366978728 5.684341886080802e-014 1.27472333452636 12.41026319573183 1.13686837721616e-013 2.208725781057453 8.243076834893625 1.13686837721616e-013 2.847958334599268 8.612137921755782 1.13686837721616e-013 4.828682614197208 4.828682614197204 1.13686837721616e-013 5.350613808581805 5.350613808581805 1.13686837721616e-013 8.243076834893616 2.208725781057453 1.13686837721616e-013 8.612137921755782 2.847958334599268 1.13686837721616e-013 12.21922311955952 0.5617520639694433 1.13686837721616e-013 12.41026319573183 1.27472333452636 1.13686837721616e-013 16.48615366978729 0 1.13686837721616e-013 16.48615366978728 0.7381221737242871 1.13686837721616e-013 20.56204414384273 1.274723334526364 1.13686837721616e-013 20.75308422001505 0.5617520639694487 1.13686837721616e-013 24.36016941781878 2.847958334599273 1.13686837721616e-013 24.72923050468094 2.208725781057458 1.13686837721616e-013 27.62169353099275 5.350613808581807 1.13686837721616e-013 28.14362472537736 4.828682614197221 5.684341886080802e-014 30.12434900497529 8.612137921755796 5.684341886080802e-014 30.76358155851712 8.243076834893664 5.684341886080802e-014 31.6975840050482 12.41026319573184 5.684341886080802e-014 32.41055527560512 12.21922311955953 5.684341886080802e-014 32.97230733957456 16.4861536697873 5.684341886080802e-014 32.97230733957456 16.4861536697873 5.684341886080802e-014 32.41055527560511 20.75308422001504 5.684341886080802e-014 32.41055527560512 12.21922311955953 5.684341886080802e-014 32.23418516585027 16.48615366978728 5.684341886080802e-014 31.6975840050482 12.41026319573184 5.684341886080802e-014 30.76358155851712 8.243076834893664 5.684341886080802e-014 30.12434900497529 8.612137921755796 1.13686837721616e-013 28.14362472537736 4.828682614197221 1.13686837721616e-013 27.62169353099275 5.350613808581807 1.13686837721616e-013 24.72923050468094 2.208725781057458 1.13686837721616e-013 24.36016941781878 2.847958334599273 1.13686837721616e-013 20.75308422001505 0.5617520639694487 1.13686837721616e-013 20.56204414384273 1.274723334526364 1.13686837721616e-013 16.48615366978729 0 1.13686837721616e-013 16.48615366978728 0.7381221737242871 1.13686837721616e-013 12.41026319573183 1.27472333452636 1.13686837721616e-013 12.21922311955952 0.5617520639694433 1.13686837721616e-013 8.612137921755782 2.847958334599268 1.13686837721616e-013 8.243076834893616 2.208725781057453 1.13686837721616e-013 5.350613808581805 5.350613808581805 1.13686837721616e-013 4.828682614197208 4.828682614197204 1.13686837721616e-013 2.847958334599268 8.612137921755782 1.13686837721616e-013 2.208725781057453 8.243076834893625 5.684341886080802e-014 1.27472333452636 12.41026319573183 5.684341886080802e-014 0.7381221737242854 16.48615366978728 5.684341886080802e-014 0.5617520639694398 12.21922311955952 5.684341886080802e-014 31.69758400504819 20.56204414384273 0 30.7635815585171 24.72923050468094 0 30.12434900497529 24.36016941781878 0 28.14362472537734 28.14362472537736 0 27.62169353099274 27.62169353099276 0 24.7292305046809 30.76358155851712 0 24.36016941781877 30.12434900497529 0 20.75308422001504 32.41055527560512 0 20.56204414384272 31.6975840050482 0 16.48615366978727 32.23418516585027 0 16.48615366978726 32.97230733957456 0 12.41026319573183 31.6975840050482 0 12.21922311955952 32.41055527560512 0 8.612137921755776 30.12434900497529 0 8.24307683489365 30.76358155851712 0 5.350613808581803 27.62169353099275 0 4.828682614197195 28.14362472537734 5.684341886080802e-014 2.847958334599264 24.36016941781877 5.684341886080802e-014 2.208725781057439 24.72923050468091 5.684341886080802e-014 1.274723334526358 20.56204414384272 5.684341886080802e-014 0.5617520639694398 20.75308422001503 5.684341886080802e-014 0 16.48615366978725 14.01574803149617 3.552713678800501e-015 16.48615366978731 5.684341886080802e-014 0 16.48615366978725 14.01574803149617 3.552713678800501e-015 16.48615366978731 5.684341886080802e-014 0 16.48615366978725 14.01574803149617 0.5617520639694469 12.21922311955958 14.01574803149617 0.5617520639694469 20.75308422001508 14.01574803149617 3.552713678800501e-015 16.48615366978731 14.01574803149617 0.7381221737242925 16.48615366978733 14.01574803149617 1.274723334526367 12.41026319573189 14.01574803149623 2.20872578105746 8.243076834893678 14.01574803149623 2.847958334599275 8.612137921755835 14.01574803149623 4.828682614197215 4.828682614197257 14.01574803149623 5.350613808581812 5.350613808581858 14.01574803149623 8.243076834893623 2.208725781057511 14.01574803149623 8.612137921755789 2.847958334599321 14.01574803149623 12.21922311955952 0.561752063969502 14.01574803149623 12.41026319573184 1.274723334526419 14.01574803149623 16.4861536697873 5.861977570020827e-014 14.01574803149623 16.48615366978729 0.7381221737243457 14.01574803149623 20.56204414384274 1.274723334526422 14.01574803149623 20.75308422001506 0.5617520639695073 14.01574803149623 24.36016941781879 2.847958334599326 14.01574803149623 24.72923050468095 2.208725781057517 14.01574803149623 27.62169353099276 5.35061380858186 14.01574803149623 28.14362472537737 4.828682614197274 14.01574803149617 30.1243490049753 8.612137921755849 14.01574803149617 30.76358155851713 8.243076834893719 14.01574803149617 31.69758400504821 12.4102631957319 14.01574803149617 32.41055527560512 12.21922311955958 14.01574803149617 32.23418516585028 16.48615366978734 14.01574803149617 1.274723334526366 20.56204414384278 14.01574803149617 2.208725781057446 24.72923050468097 14.01574803149617 2.847958334599271 24.36016941781883 14.01574803149612 4.828682614197202 28.1436247253774 14.01574803149612 5.350613808581811 27.62169353099281 14.01574803149612 8.243076834893657 30.76358155851718 14.01574803149612 8.612137921755783 30.12434900497534 14.01574803149612 12.21922311955953 32.41055527560518 14.01574803149612 12.41026319573184 31.69758400504826 14.01574803149612 16.48615366978727 32.97230733957461 14.01574803149612 16.48615366978728 32.23418516585033 14.01574803149612 20.75308422001505 32.41055527560518 14.01574803149612 20.56204414384272 31.69758400504826 14.01574803149612 24.36016941781878 30.12434900497535 14.01574803149612 24.72923050468091 30.76358155851718 14.01574803149612 27.62169353099275 27.62169353099282 14.01574803149612 28.14362472537735 28.14362472537741 14.01574803149612 30.12434900497529 24.36016941781884 14.01574803149612 30.76358155851711 24.729230504681 14.01574803149617 31.6975840050482 20.56204414384279 14.01574803149617 32.41055527560512 20.7530842200151 14.01574803149617 32.97230733957456 16.48615366978735 14.01574803149617 32.97230733957456 16.48615366978735 14.01574803149617 32.41055527560512 12.21922311955958 14.01574803149617 32.41055527560512 20.7530842200151 14.01574803149617 32.23418516585028 16.48615366978734 14.01574803149617 31.6975840050482 20.56204414384279 14.01574803149612 30.76358155851711 24.729230504681 14.01574803149612 30.12434900497529 24.36016941781884 14.01574803149612 28.14362472537735 28.14362472537741 14.01574803149612 27.62169353099275 27.62169353099282 14.01574803149612 24.72923050468091 30.76358155851718 14.01574803149612 24.36016941781878 30.12434900497535 14.01574803149612 20.75308422001505 32.41055527560518 14.01574803149612 20.56204414384272 31.69758400504826 14.01574803149612 16.48615366978728 32.23418516585033 14.01574803149612 16.48615366978727 32.97230733957461 14.01574803149612 12.41026319573184 31.69758400504826 14.01574803149612 12.21922311955953 32.41055527560518 14.01574803149612 8.612137921755783 30.12434900497534 14.01574803149612 8.243076834893657 30.76358155851718 14.01574803149612 5.350613808581811 27.62169353099281 14.01574803149612 4.828682614197202 28.1436247253774 14.01574803149617 2.847958334599271 24.36016941781883 14.01574803149617 2.208725781057446 24.72923050468097 14.01574803149617 1.274723334526366 20.56204414384278 14.01574803149617 0.7381221737242925 16.48615366978733 14.01574803149617 0.5617520639694469 20.75308422001508 14.01574803149617 31.69758400504821 12.4102631957319 14.01574803149617 30.76358155851713 8.243076834893719 14.01574803149617 30.1243490049753 8.612137921755849 14.01574803149623 28.14362472537737 4.828682614197274 14.01574803149623 27.62169353099276 5.35061380858186 14.01574803149623 24.72923050468095 2.208725781057517 14.01574803149623 24.36016941781879 2.847958334599326 14.01574803149623 20.75308422001506 0.5617520639695073 14.01574803149623 20.56204414384274 1.274723334526422 14.01574803149623 16.4861536697873 5.861977570020827e-014 14.01574803149623 16.48615366978729 0.7381221737243457 14.01574803149623 12.41026319573184 1.274723334526419 14.01574803149623 12.21922311955952 0.561752063969502 14.01574803149623 8.612137921755789 2.847958334599321 14.01574803149623 8.243076834893623 2.208725781057511 14.01574803149623 5.350613808581812 5.350613808581858 14.01574803149623 4.828682614197215 4.828682614197257 14.01574803149623 2.847958334599275 8.612137921755835 14.01574803149623 2.20872578105746 8.243076834893678 14.01574803149617 1.274723334526367 12.41026319573189 14.01574803149617 0.5617520639694469 12.21922311955958 14.01574803149617 3.552713678800501e-015 16.48615366978731 0 4.828682614197195 28.14362472537734 14.01574803149612 4.828682614197202 28.1436247253774 14.01574803149612 4.828682614197202 28.1436247253774 0 4.828682614197195 28.14362472537734 5.684341886080802e-014 32.41055527560512 12.21922311955953 14.01574803149617 30.76358155851713 8.243076834893719 5.684341886080802e-014 30.76358155851712 8.243076834893664 14.01574803149617 32.41055527560512 12.21922311955958 14.01574803149617 32.41055527560512 12.21922311955958 5.684341886080802e-014 32.41055527560512 12.21922311955953 14.01574803149617 30.76358155851713 8.243076834893719 5.684341886080802e-014 30.76358155851712 8.243076834893664 14.01574803149623 28.14362472537737 4.828682614197274 1.13686837721616e-013 28.14362472537736 4.828682614197221 14.01574803149623 28.14362472537737 4.828682614197274 1.13686837721616e-013 28.14362472537736 4.828682614197221 1.13686837721616e-013 24.72923050468094 2.208725781057458 14.01574803149623 24.72923050468095 2.208725781057517 14.01574803149623 24.72923050468095 2.208725781057517 1.13686837721616e-013 24.72923050468094 2.208725781057458 1.13686837721616e-013 20.75308422001505 0.5617520639694487 14.01574803149623 20.75308422001506 0.5617520639695073 14.01574803149623 20.75308422001506 0.5617520639695073 1.13686837721616e-013 20.75308422001505 0.5617520639694487 1.13686837721616e-013 16.48615366978729 0 14.01574803149623 16.4861536697873 5.861977570020827e-014 14.01574803149623 16.4861536697873 5.861977570020827e-014 1.13686837721616e-013 16.48615366978729 0 1.13686837721616e-013 12.21922311955952 0.5617520639694433 14.01574803149623 12.21922311955952 0.561752063969502 14.01574803149623 12.21922311955952 0.561752063969502 1.13686837721616e-013 12.21922311955952 0.5617520639694433 1.13686837721616e-013 8.243076834893616 2.208725781057453 14.01574803149623 8.243076834893623 2.208725781057511 14.01574803149623 8.243076834893623 2.208725781057511 1.13686837721616e-013 8.243076834893616 2.208725781057453 1.13686837721616e-013 4.828682614197208 4.828682614197204 14.01574803149623 4.828682614197215 4.828682614197257 14.01574803149623 4.828682614197215 4.828682614197257 1.13686837721616e-013 4.828682614197208 4.828682614197204 1.13686837721616e-013 2.208725781057453 8.243076834893625 14.01574803149623 2.20872578105746 8.243076834893678 14.01574803149623 2.20872578105746 8.243076834893678 1.13686837721616e-013 2.208725781057453 8.243076834893625 5.684341886080802e-014 0.5617520639694398 12.21922311955952 14.01574803149617 0.5617520639694469 12.21922311955958 14.01574803149617 0.5617520639694469 12.21922311955958 5.684341886080802e-014 0.5617520639694398 12.21922311955952 0 8.24307683489365 30.76358155851712 14.01574803149612 8.243076834893657 30.76358155851718 14.01574803149612 8.243076834893657 30.76358155851718 0 8.24307683489365 30.76358155851712 0 12.21922311955952 32.41055527560512 14.01574803149612 12.21922311955953 32.41055527560518 14.01574803149612 12.21922311955953 32.41055527560518 0 12.21922311955952 32.41055527560512 0 16.48615366978726 32.97230733957456 14.01574803149612 16.48615366978727 32.97230733957461 14.01574803149612 16.48615366978727 32.97230733957461 0 16.48615366978726 32.97230733957456 0 20.75308422001504 32.41055527560512 14.01574803149612 20.75308422001505 32.41055527560518 14.01574803149612 20.75308422001505 32.41055527560518 0 20.75308422001504 32.41055527560512 0 24.7292305046809 30.76358155851712 14.01574803149612 24.72923050468091 30.76358155851718 14.01574803149612 24.72923050468091 30.76358155851718 0 24.7292305046809 30.76358155851712 0 28.14362472537734 28.14362472537736 14.01574803149612 28.14362472537735 28.14362472537741 14.01574803149612 28.14362472537735 28.14362472537741 0 28.14362472537734 28.14362472537736 14.01574803149612 30.76358155851711 24.729230504681 0 30.7635815585171 24.72923050468094 14.01574803149612 30.76358155851711 24.729230504681 0 30.7635815585171 24.72923050468094 14.01574803149617 32.41055527560512 20.7530842200151 5.684341886080802e-014 32.41055527560511 20.75308422001504 14.01574803149617 32.41055527560512 20.7530842200151 5.684341886080802e-014 32.41055527560511 20.75308422001504 14.01574803149617 32.97230733957456 16.48615366978735 5.684341886080802e-014 32.97230733957456 16.4861536697873 14.01574803149617 32.97230733957456 16.48615366978735 5.684341886080802e-014 32.97230733957456 16.4861536697873</float_array>
                    <technique_common>
                        <accessor count="288" source="#ID11" stride="3">
                            <param name="X" type="float" />
                            <param name="Y" type="float" />
                            <param name="Z" type="float" />
                        </accessor>
                    </technique_common>
                </source>
                <source id="ID9">
                    <float_array id="ID12" count="864">-4.976685865953331e-016 -0.9659258262890687 0.2588190451025196 -1.45909046804576e-015 -0.8660254037844389 0.4999999999999995 -4.976685865953305e-016 -0.9659258262890688 0.258819045102519 -1.459090468045759e-015 -0.8660254037844392 0.4999999999999992 1.459090468045759e-015 0.8660254037844392 -0.4999999999999992 4.976685865953331e-016 0.9659258262890687 -0.2588190451025196 1.45909046804576e-015 0.8660254037844389 -0.4999999999999995 4.976685865953305e-016 0.9659258262890688 -0.258819045102519 -1 -4.976685865953337e-016 -3.780168213405634e-015 -1 -4.976685865953337e-016 -3.780168213405634e-015 -1 -4.976685865953337e-016 -3.780168213405634e-015 -1 -4.976685865953337e-016 -3.780168213405634e-015 -1 -4.976685865953337e-016 -3.780168213405634e-015 -1 -4.976685865953337e-016 -3.780168213405634e-015 -1 -4.976685865953337e-016 -3.780168213405634e-015 -1 -4.976685865953337e-016 -3.780168213405634e-015 -1 -4.976685865953337e-016 -3.780168213405634e-015 -1 -4.976685865953337e-016 -3.780168213405634e-015 -1 -4.976685865953337e-016 -3.780168213405634e-015 -1 -4.976685865953337e-016 -3.780168213405634e-015 -1 -4.976685865953337e-016 -3.780168213405634e-015 -1 -4.976685865953337e-016 -3.780168213405634e-015 -1 -4.976685865953337e-016 -3.780168213405634e-015 -1 -4.976685865953337e-016 -3.780168213405634e-015 -1 -4.976685865953337e-016 -3.780168213405634e-015 -1 -4.976685865953337e-016 -3.780168213405634e-015 -1 -4.976685865953337e-016 -3.780168213405634e-015 -1 -4.976685865953337e-016 -3.780168213405634e-015 -1 -4.976685865953337e-016 -3.780168213405634e-015 -1 -4.976685865953337e-016 -3.780168213405634e-015 -1 -4.976685865953337e-016 -3.780168213405634e-015 -1 -4.976685865953337e-016 -3.780168213405634e-015 -1 -4.976685865953337e-016 -3.780168213405634e-015 -1 -4.976685865953337e-016 -3.780168213405634e-015 -1 -4.976685865953337e-016 -3.780168213405634e-015 -1 -4.976685865953337e-016 -3.780168213405634e-015 -1 -4.976685865953337e-016 -3.780168213405634e-015 -1 -4.976685865953337e-016 -3.780168213405634e-015 -1 -4.976685865953337e-016 -3.780168213405634e-015 -1 -4.976685865953337e-016 -3.780168213405634e-015 -1 -4.976685865953337e-016 -3.780168213405634e-015 -1 -4.976685865953337e-016 -3.780168213405634e-015 -1 -4.976685865953337e-016 -3.780168213405634e-015 -1 -4.976685865953337e-016 -3.780168213405634e-015 -1 -4.976685865953337e-016 -3.780168213405634e-015 -1 -4.976685865953337e-016 -3.780168213405634e-015 -1 -4.976685865953337e-016 -3.780168213405634e-015 -1 -4.976685865953337e-016 -3.780168213405634e-015 -1 -4.976685865953337e-016 -3.780168213405634e-015 -1 -4.976685865953337e-016 -3.780168213405634e-015 -1 -4.976685865953337e-016 -3.780168213405634e-015 -1 -4.976685865953337e-016 -3.780168213405634e-015 -1 -4.976685865953337e-016 -3.780168213405634e-015 -1 -4.976685865953337e-016 -3.780168213405634e-015 -1 -4.976685865953337e-016 -3.780168213405634e-015 -1 -4.976685865953337e-016 -3.780168213405634e-015 1 4.976685865953337e-016 3.780168213405634e-015 1 4.976685865953337e-016 3.780168213405634e-015 1 4.976685865953337e-016 3.780168213405634e-015 1 4.976685865953337e-016 3.780168213405634e-015 1 4.976685865953337e-016 3.780168213405634e-015 1 4.976685865953337e-016 3.780168213405634e-015 1 4.976685865953337e-016 3.780168213405634e-015 1 4.976685865953337e-016 3.780168213405634e-015 1 4.976685865953337e-016 3.780168213405634e-015 1 4.976685865953337e-016 3.780168213405634e-015 1 4.976685865953337e-016 3.780168213405634e-015 1 4.976685865953337e-016 3.780168213405634e-015 1 4.976685865953337e-016 3.780168213405634e-015 1 4.976685865953337e-016 3.780168213405634e-015 1 4.976685865953337e-016 3.780168213405634e-015 1 4.976685865953337e-016 3.780168213405634e-015 1 4.976685865953337e-016 3.780168213405634e-015 1 4.976685865953337e-016 3.780168213405634e-015 1 4.976685865953337e-016 3.780168213405634e-015 1 4.976685865953337e-016 3.780168213405634e-015 1 4.976685865953337e-016 3.780168213405634e-015 1 4.976685865953337e-016 3.780168213405634e-015 1 4.976685865953337e-016 3.780168213405634e-015 1 4.976685865953337e-016 3.780168213405634e-015 1 4.976685865953337e-016 3.780168213405634e-015 1 4.976685865953337e-016 3.780168213405634e-015 1 4.976685865953337e-016 3.780168213405634e-015 1 4.976685865953337e-016 3.780168213405634e-015 1 4.976685865953337e-016 3.780168213405634e-015 1 4.976685865953337e-016 3.780168213405634e-015 1 4.976685865953337e-016 3.780168213405634e-015 1 4.976685865953337e-016 3.780168213405634e-015 1 4.976685865953337e-016 3.780168213405634e-015 1 4.976685865953337e-016 3.780168213405634e-015 1 4.976685865953337e-016 3.780168213405634e-015 1 4.976685865953337e-016 3.780168213405634e-015 1 4.976685865953337e-016 3.780168213405634e-015 1 4.976685865953337e-016 3.780168213405634e-015 1 4.976685865953337e-016 3.780168213405634e-015 1 4.976685865953337e-016 3.780168213405634e-015 1 4.976685865953337e-016 3.780168213405634e-015 1 4.976685865953337e-016 3.780168213405634e-015 1 4.976685865953337e-016 3.780168213405634e-015 1 4.976685865953337e-016 3.780168213405634e-015 1 4.976685865953337e-016 3.780168213405634e-015 1 4.976685865953337e-016 3.780168213405634e-015 1 4.976685865953337e-016 3.780168213405634e-015 1 4.976685865953337e-016 3.780168213405634e-015 4.976685865953351e-016 -1 -3.831777255128168e-016 4.976685865953379e-016 -1 -1.060422077581982e-015 -4.976685865953351e-016 1 3.831777255128168e-016 -4.976685865953379e-016 1 1.060422077581982e-015 1 4.976685865953337e-016 3.780168213405634e-015 1 4.976685865953337e-016 3.780168213405634e-015 1 4.976685865953337e-016 3.780168213405634e-015 1 4.976685865953337e-016 3.780168213405634e-015 1 4.976685865953337e-016 3.780168213405634e-015 1 4.976685865953337e-016 3.780168213405634e-015 1 4.976685865953337e-016 3.780168213405634e-015 1 4.976685865953337e-016 3.780168213405634e-015 1 4.976685865953337e-016 3.780168213405634e-015 1 4.976685865953337e-016 3.780168213405634e-015 1 4.976685865953337e-016 3.780168213405634e-015 1 4.976685865953337e-016 3.780168213405634e-015 1 4.976685865953337e-016 3.780168213405634e-015 1 4.976685865953337e-016 3.780168213405634e-015 1 4.976685865953337e-016 3.780168213405634e-015 1 4.976685865953337e-016 3.780168213405634e-015 1 4.976685865953337e-016 3.780168213405634e-015 1 4.976685865953337e-016 3.780168213405634e-015 1 4.976685865953337e-016 3.780168213405634e-015 1 4.976685865953337e-016 3.780168213405634e-015 1 4.976685865953337e-016 3.780168213405634e-015 1 4.976685865953337e-016 3.780168213405634e-015 1 4.976685865953337e-016 3.780168213405634e-015 1 4.976685865953337e-016 3.780168213405634e-015 1 4.976685865953337e-016 3.780168213405634e-015 1 4.976685865953337e-016 3.780168213405634e-015 1 4.976685865953337e-016 3.780168213405634e-015 1 4.976685865953337e-016 3.780168213405634e-015 1 4.976685865953337e-016 3.780168213405634e-015 1 4.976685865953337e-016 3.780168213405634e-015 1 4.976685865953337e-016 3.780168213405634e-015 1 4.976685865953337e-016 3.780168213405634e-015 1 4.976685865953337e-016 3.780168213405634e-015 1 4.976685865953337e-016 3.780168213405634e-015 1 4.976685865953337e-016 3.780168213405634e-015 1 4.976685865953337e-016 3.780168213405634e-015 1 4.976685865953337e-016 3.780168213405634e-015 1 4.976685865953337e-016 3.780168213405634e-015 1 4.976685865953337e-016 3.780168213405634e-015 1 4.976685865953337e-016 3.780168213405634e-015 1 4.976685865953337e-016 3.780168213405634e-015 1 4.976685865953337e-016 3.780168213405634e-015 1 4.976685865953337e-016 3.780168213405634e-015 1 4.976685865953337e-016 3.780168213405634e-015 1 4.976685865953337e-016 3.780168213405634e-015 1 4.976685865953337e-016 3.780168213405634e-015 1 4.976685865953337e-016 3.780168213405634e-015 1 4.976685865953337e-016 3.780168213405634e-015 -1 -4.976685865953337e-016 -3.780168213405634e-015 -1 -4.976685865953337e-016 -3.780168213405634e-015 -1 -4.976685865953337e-016 -3.780168213405634e-015 -1 -4.976685865953337e-016 -3.780168213405634e-015 -1 -4.976685865953337e-016 -3.780168213405634e-015 -1 -4.976685865953337e-016 -3.780168213405634e-015 -1 -4.976685865953337e-016 -3.780168213405634e-015 -1 -4.976685865953337e-016 -3.780168213405634e-015 -1 -4.976685865953337e-016 -3.780168213405634e-015 -1 -4.976685865953337e-016 -3.780168213405634e-015 -1 -4.976685865953337e-016 -3.780168213405634e-015 -1 -4.976685865953337e-016 -3.780168213405634e-015 -1 -4.976685865953337e-016 -3.780168213405634e-015 -1 -4.976685865953337e-016 -3.780168213405634e-015 -1 -4.976685865953337e-016 -3.780168213405634e-015 -1 -4.976685865953337e-016 -3.780168213405634e-015 -1 -4.976685865953337e-016 -3.780168213405634e-015 -1 -4.976685865953337e-016 -3.780168213405634e-015 -1 -4.976685865953337e-016 -3.780168213405634e-015 -1 -4.976685865953337e-016 -3.780168213405634e-015 -1 -4.976685865953337e-016 -3.780168213405634e-015 -1 -4.976685865953337e-016 -3.780168213405634e-015 -1 -4.976685865953337e-016 -3.780168213405634e-015 -1 -4.976685865953337e-016 -3.780168213405634e-015 -1 -4.976685865953337e-016 -3.780168213405634e-015 -1 -4.976685865953337e-016 -3.780168213405634e-015 -1 -4.976685865953337e-016 -3.780168213405634e-015 -1 -4.976685865953337e-016 -3.780168213405634e-015 -1 -4.976685865953337e-016 -3.780168213405634e-015 -1 -4.976685865953337e-016 -3.780168213405634e-015 -1 -4.976685865953337e-016 -3.780168213405634e-015 -1 -4.976685865953337e-016 -3.780168213405634e-015 -1 -4.976685865953337e-016 -3.780168213405634e-015 -1 -4.976685865953337e-016 -3.780168213405634e-015 -1 -4.976685865953337e-016 -3.780168213405634e-015 -1 -4.976685865953337e-016 -3.780168213405634e-015 -1 -4.976685865953337e-016 -3.780168213405634e-015 -1 -4.976685865953337e-016 -3.780168213405634e-015 -1 -4.976685865953337e-016 -3.780168213405634e-015 -1 -4.976685865953337e-016 -3.780168213405634e-015 -1 -4.976685865953337e-016 -3.780168213405634e-015 -1 -4.976685865953337e-016 -3.780168213405634e-015 -1 -4.976685865953337e-016 -3.780168213405634e-015 -1 -4.976685865953337e-016 -3.780168213405634e-015 -1 -4.976685865953337e-016 -3.780168213405634e-015 -1 -4.976685865953337e-016 -3.780168213405634e-015 -1 -4.976685865953337e-016 -3.780168213405634e-015 -1 -4.976685865953337e-016 -3.780168213405634e-015 -2.321077745359874e-015 -0.7071067811865478 0.7071067811865474 -2.321077745359872e-015 -0.7071067811865482 0.7071067811865469 2.321077745359872e-015 0.7071067811865482 -0.7071067811865469 2.321077745359874e-015 0.7071067811865478 -0.7071067811865474 4.976685865953341e-016 0.9659258262890684 -0.2588190451025199 1.459090468045759e-015 0.8660254037844393 -0.4999999999999992 1.459090468045757e-015 0.8660254037844394 -0.4999999999999987 4.976685865953318e-016 0.9659258262890688 -0.2588190451025193 -4.976685865953318e-016 -0.9659258262890688 0.2588190451025193 -4.976685865953341e-016 -0.9659258262890684 0.2588190451025199 -1.459090468045759e-015 -0.8660254037844393 0.4999999999999992 -1.459090468045757e-015 -0.8660254037844394 0.4999999999999987 2.321077745359872e-015 0.7071067811865482 -0.7071067811865468 2.321077745359869e-015 0.7071067811865487 -0.7071067811865465 -2.321077745359872e-015 -0.7071067811865482 0.7071067811865468 -2.321077745359869e-015 -0.7071067811865487 0.7071067811865465 3.024887410090045e-015 0.5000000000000009 -0.8660254037844383 3.024887410090044e-015 0.5000000000000013 -0.8660254037844379 -3.024887410090044e-015 -0.5000000000000013 0.8660254037844379 -3.024887410090045e-015 -0.5000000000000009 0.8660254037844383 3.522555996685381e-015 0.2588190451025218 -0.9659258262890681 3.52255599668538e-015 0.258819045102522 -0.9659258262890679 -3.52255599668538e-015 -0.258819045102522 0.9659258262890679 -3.522555996685381e-015 -0.2588190451025218 0.9659258262890681 3.780168213405633e-015 7.57444341129987e-016 -1 3.780168213405634e-015 8.465554400864556e-016 -1 -3.780168213405634e-015 -8.465554400864556e-016 1 -3.780168213405633e-015 -7.57444341129987e-016 1 3.780168213405633e-015 -0.2588190451025202 -0.9659258262890685 3.780168213405633e-015 -0.2588190451025202 -0.9659258262890684 -3.780168213405633e-015 0.2588190451025202 0.9659258262890684 -3.780168213405633e-015 0.2588190451025202 0.9659258262890685 3.52255599668538e-015 -0.5000000000000004 -0.8660254037844385 3.522555996685379e-015 -0.5000000000000006 -0.8660254037844383 -3.522555996685379e-015 0.5000000000000006 0.8660254037844383 -3.52255599668538e-015 0.5000000000000004 0.8660254037844385 3.024887410090044e-015 -0.7071067811865478 -0.7071067811865472 3.024887410090042e-015 -0.7071067811865481 -0.707106781186547 -3.024887410090042e-015 0.7071067811865481 0.707106781186547 -3.024887410090044e-015 0.7071067811865478 0.7071067811865472 2.321077745359873e-015 -0.8660254037844387 -0.5000000000000002 2.321077745359874e-015 -0.8660254037844383 -0.5000000000000007 -2.321077745359874e-015 0.8660254037844383 0.5000000000000007 -2.321077745359873e-015 0.8660254037844387 0.5000000000000002 1.459090468045759e-015 -0.9659258262890682 -0.2588190451025207 1.45909046804576e-015 -0.9659258262890681 -0.2588190451025212 -1.45909046804576e-015 0.9659258262890681 0.2588190451025212 -1.459090468045759e-015 0.9659258262890682 0.2588190451025207 -3.024887410090047e-015 -0.5000000000000004 0.8660254037844384 -3.024887410090048e-015 -0.5 0.8660254037844386 3.024887410090048e-015 0.5 -0.8660254037844386 3.024887410090047e-015 0.5000000000000004 -0.8660254037844384 -3.522555996685384e-015 -0.2588190451025199 0.9659258262890684 -3.522555996685385e-015 -0.2588190451025197 0.9659258262890687 3.522555996685385e-015 0.2588190451025197 -0.9659258262890687 3.522555996685384e-015 0.2588190451025199 -0.9659258262890684 -3.780168213405633e-015 -2.851555166607008e-016 1 -3.780168213405633e-015 -2.049555275998788e-016 1 3.780168213405633e-015 2.049555275998788e-016 -1 3.780168213405633e-015 2.851555166607008e-016 -1 -3.780168213405633e-015 0.2588190451025199 0.9659258262890684 -3.780168213405633e-015 0.2588190451025198 0.9659258262890685 3.780168213405633e-015 -0.2588190451025198 -0.9659258262890685 3.780168213405633e-015 -0.2588190451025199 -0.9659258262890684 -3.522555996685381e-015 0.4999999999999998 0.8660254037844387 -3.522555996685381e-015 0.4999999999999997 0.8660254037844388 3.522555996685381e-015 -0.4999999999999997 -0.8660254037844388 3.522555996685381e-015 -0.4999999999999998 -0.8660254037844387 -3.024887410090047e-015 0.7071067811865472 0.7071067811865479 -3.024887410090048e-015 0.7071067811865469 0.7071067811865482 3.024887410090048e-015 -0.7071067811865469 -0.7071067811865482 3.024887410090047e-015 -0.7071067811865472 -0.7071067811865479 -2.321077745359875e-015 0.8660254037844383 0.5000000000000008 -2.321077745359876e-015 0.8660254037844379 0.5000000000000011 2.321077745359875e-015 -0.8660254037844383 -0.5000000000000008 2.321077745359876e-015 -0.8660254037844379 -0.5000000000000011 -1.45909046804576e-015 0.9659258262890682 0.258819045102521 -1.459090468045761e-015 0.9659258262890681 0.2588190451025214 1.45909046804576e-015 -0.9659258262890682 -0.258819045102521 1.459090468045761e-015 -0.9659258262890681 -0.2588190451025214 -4.976685865953371e-016 1 9.000220994603373e-016 -4.976685865953348e-016 1 3.029777364519948e-016 4.976685865953371e-016 -1 -9.000220994603373e-016 4.976685865953348e-016 -1 -3.029777364519948e-016</float_array>
                    <technique_common>
                        <accessor count="288" source="#ID12" stride="3">
                            <param name="X" type="float" />
                            <param name="Y" type="float" />
                            <param name="Z" type="float" />
                        </accessor>
                    </technique_common>
                </source>
                <vertices id="ID10">
                    <input semantic="POSITION" source="#ID8" />
                    <input semantic="NORMAL" source="#ID9" />
                </vertices>
                <triangles count="288" material="Material2">
                    <input offset="0" semantic="VERTEX" source="#ID10" />
                    <p>0 1 2 1 0 3 4 5 6 7 6 5 8 9 10 9 8 11 11 8 12 12 8 13 12 13 14 14 13 15 14 15 16 16 15 17 16 17 18 18 17 19 18 19 20 20 19 21 20 21 22 22 21 23 22 23 24 24 23 25 25 23 26 25 26 27 27 26 28 27 28 29 29 28 30 29 30 31 31 30 32 31 32 33 9 34 35 34 9 11 35 34 36 35 36 37 37 36 38 37 38 39 39 38 40 39 40 41 41 40 42 41 42 43 43 42 44 43 44 45 43 45 46 46 45 47 46 47 48 48 47 49 48 49 50 50 49 51 50 51 52 52 51 53 52 53 54 54 53 33 54 33 32 54 32 55 56 57 58 57 59 58 59 60 58 58 60 61 60 62 61 61 62 63 62 64 63 63 64 65 64 66 65 65 66 67 66 68 67 67 68 69 68 70 69 70 71 69 69 71 72 71 73 72 72 73 74 73 75 74 74 75 76 75 77 76 76 77 78 77 79 78 80 81 79 78 79 81 59 57 82 57 83 82 82 83 84 83 85 84 84 85 86 85 87 86 86 87 88 87 89 88 88 89 90 90 89 91 89 92 91 91 92 93 92 94 93 93 94 95 94 96 95 95 96 97 96 98 97 97 98 99 98 100 99 99 100 101 100 102 101 101 102 80 80 102 81 103 81 102 104 2 105 2 104 0 5 106 7 107 7 106 108 109 110 109 108 111 111 108 112 112 108 113 112 113 114 114 113 115 114 115 116 116 115 117 116 117 118 118 117 119 118 119 120 120 119 121 120 121 122 122 121 123 123 121 124 123 124 125 125 124 126 125 126 127 127 126 128 127 128 129 129 128 130 129 130 131 131 130 132 131 132 133 109 134 135 134 109 111 135 134 136 135 136 137 137 136 138 137 138 139 139 138 140 139 140 141 141 140 142 141 142 143 143 142 144 143 144 145 145 144 146 145 146 147 145 147 148 148 147 149 148 149 150 150 149 151 150 151 152 152 151 153 152 153 154 154 153 133 154 133 132 154 132 155 156 157 158 157 159 158 159 160 158 158 160 161 160 162 161 161 162 163 162 164 163 163 164 165 164 166 165 165 166 167 166 168 167 168 169 167 167 169 170 169 171 170 170 171 172 171 173 172 172 173 174 173 175 174 174 175 176 175 177 176 176 177 178 177 179 178 180 181 179 178 179 181 159 157 182 157 183 182 182 183 184 183 185 184 184 185 186 185 187 186 186 187 188 187 189 188 188 189 190 189 191 190 190 191 192 192 191 193 191 194 193 193 194 195 194 196 195 195 196 197 196 198 197 197 198 199 198 200 199 199 200 201 200 202 201 201 202 180 180 202 181 203 181 202 3 204 1 204 3 205 206 4 207 6 207 4 208 209 210 209 208 211 212 213 214 215 214 213 210 216 217 216 210 209 214 215 218 219 218 215 216 220 217 220 216 221 222 218 223 219 223 218 221 224 220 224 221 225 226 222 227 223 227 222 225 228 224 228 225 229 230 226 231 227 231 226 229 232 228 232 229 233 234 230 235 231 235 230 233 236 232 236 233 237 238 234 239 235 239 234 237 240 236 240 237 241 242 238 243 239 243 238 241 244 240 244 241 245 246 242 247 243 247 242 245 248 244 248 245 249 250 246 251 247 251 246 249 105 248 105 249 104 106 250 107 251 107 250 205 252 204 252 205 253 254 206 255 207 255 206 253 256 252 256 253 257 258 254 259 255 259 254 257 260 256 260 257 261 262 258 263 259 263 258 261 264 260 264 261 265 266 262 267 263 267 262 265 268 264 268 265 269 270 266 271 267 271 266 269 272 268 272 269 273 274 270 275 271 275 270 272 276 277 276 272 273 274 275 278 279 278 275 277 280 281 280 277 276 278 279 282 283 282 279 281 284 285 284 281 280 282 283 286 287 286 283 285 211 208 211 285 284 286 287 212 213 212 287</p>
                </triangles>
            </mesh>
        </geometry>
        <geometry id="ID13">
            <mesh>
                <source id="ID14">
                    <float_array id="ID17" count="288">5.684341886080802e-014 1.274723334526358 20.56204414384272 14.01574803149617 0.7381221737242925 16.48615366978733 5.684341886080802e-014 0.7381221737242854 16.48615366978728 14.01574803149617 1.274723334526366 20.56204414384278 14.01574803149617 1.274723334526366 20.56204414384278 5.684341886080802e-014 1.274723334526358 20.56204414384272 14.01574803149617 0.7381221737242925 16.48615366978733 5.684341886080802e-014 0.7381221737242854 16.48615366978728 5.684341886080802e-014 2.847958334599264 24.36016941781877 14.01574803149617 2.847958334599271 24.36016941781883 14.01574803149617 2.847958334599271 24.36016941781883 5.684341886080802e-014 2.847958334599264 24.36016941781877 14.01574803149617 1.274723334526367 12.41026319573189 5.684341886080802e-014 1.27472333452636 12.41026319573183 14.01574803149617 1.274723334526367 12.41026319573189 5.684341886080802e-014 1.27472333452636 12.41026319573183 0 5.350613808581803 27.62169353099275 14.01574803149612 5.350613808581811 27.62169353099281 14.01574803149612 5.350613808581811 27.62169353099281 0 5.350613808581803 27.62169353099275 14.01574803149623 2.847958334599275 8.612137921755835 1.13686837721616e-013 2.847958334599268 8.612137921755782 14.01574803149623 2.847958334599275 8.612137921755835 1.13686837721616e-013 2.847958334599268 8.612137921755782 14.01574803149612 8.612137921755783 30.12434900497534 0 8.612137921755776 30.12434900497529 14.01574803149612 8.612137921755783 30.12434900497534 0 8.612137921755776 30.12434900497529 14.01574803149623 5.350613808581812 5.350613808581858 1.13686837721616e-013 5.350613808581805 5.350613808581805 14.01574803149623 5.350613808581812 5.350613808581858 1.13686837721616e-013 5.350613808581805 5.350613808581805 14.01574803149612 12.41026319573184 31.69758400504826 0 12.41026319573183 31.6975840050482 14.01574803149612 12.41026319573184 31.69758400504826 0 12.41026319573183 31.6975840050482 1.13686837721616e-013 8.612137921755782 2.847958334599268 14.01574803149623 8.612137921755789 2.847958334599321 14.01574803149623 8.612137921755789 2.847958334599321 1.13686837721616e-013 8.612137921755782 2.847958334599268 14.01574803149612 16.48615366978728 32.23418516585033 0 16.48615366978727 32.23418516585027 14.01574803149612 16.48615366978728 32.23418516585033 0 16.48615366978727 32.23418516585027 1.13686837721616e-013 12.41026319573183 1.27472333452636 14.01574803149623 12.41026319573184 1.274723334526419 14.01574803149623 12.41026319573184 1.274723334526419 1.13686837721616e-013 12.41026319573183 1.27472333452636 14.01574803149612 20.56204414384272 31.69758400504826 0 20.56204414384272 31.6975840050482 14.01574803149612 20.56204414384272 31.69758400504826 0 20.56204414384272 31.6975840050482 1.13686837721616e-013 16.48615366978728 0.7381221737242871 14.01574803149623 16.48615366978729 0.7381221737243457 14.01574803149623 16.48615366978729 0.7381221737243457 1.13686837721616e-013 16.48615366978728 0.7381221737242871 14.01574803149612 24.36016941781878 30.12434900497535 0 24.36016941781877 30.12434900497529 14.01574803149612 24.36016941781878 30.12434900497535 0 24.36016941781877 30.12434900497529 1.13686837721616e-013 20.56204414384273 1.274723334526364 14.01574803149623 20.56204414384274 1.274723334526422 14.01574803149623 20.56204414384274 1.274723334526422 1.13686837721616e-013 20.56204414384273 1.274723334526364 14.01574803149612 27.62169353099275 27.62169353099282 0 27.62169353099274 27.62169353099276 14.01574803149612 27.62169353099275 27.62169353099282 0 27.62169353099274 27.62169353099276 1.13686837721616e-013 24.36016941781878 2.847958334599273 14.01574803149623 24.36016941781879 2.847958334599326 14.01574803149623 24.36016941781879 2.847958334599326 1.13686837721616e-013 24.36016941781878 2.847958334599273 14.01574803149612 30.12434900497529 24.36016941781884 0 30.12434900497529 24.36016941781878 14.01574803149612 30.12434900497529 24.36016941781884 0 30.12434900497529 24.36016941781878 1.13686837721616e-013 27.62169353099275 5.350613808581807 14.01574803149623 27.62169353099276 5.35061380858186 14.01574803149623 27.62169353099276 5.35061380858186 1.13686837721616e-013 27.62169353099275 5.350613808581807 14.01574803149617 31.6975840050482 20.56204414384279 5.684341886080802e-014 31.69758400504819 20.56204414384273 14.01574803149617 31.6975840050482 20.56204414384279 5.684341886080802e-014 31.69758400504819 20.56204414384273 5.684341886080802e-014 30.12434900497529 8.612137921755796 14.01574803149617 30.1243490049753 8.612137921755849 14.01574803149617 30.1243490049753 8.612137921755849 5.684341886080802e-014 30.12434900497529 8.612137921755796 14.01574803149617 32.23418516585028 16.48615366978734 5.684341886080802e-014 32.23418516585027 16.48615366978728 14.01574803149617 32.23418516585028 16.48615366978734 5.684341886080802e-014 32.23418516585027 16.48615366978728 5.684341886080802e-014 31.6975840050482 12.41026319573184 14.01574803149617 31.69758400504821 12.4102631957319 14.01574803149617 31.69758400504821 12.4102631957319 5.684341886080802e-014 31.6975840050482 12.41026319573184</float_array>
                    <technique_common>
                        <accessor count="96" source="#ID17" stride="3">
                            <param name="X" type="float" />
                            <param name="Y" type="float" />
                            <param name="Z" type="float" />
                        </accessor>
                    </technique_common>
                </source>
                <source id="ID15">
                    <float_array id="ID18" count="288">4.976685865953351e-016 0.9659258262890684 -0.2588190451025201 -4.976685865953332e-016 1 -1.603999781216443e-016 -4.976685865953356e-016 1 4.72288824469286e-016 4.976685865953379e-016 0.9659258262890682 -0.2588190451025208 -4.976685865953379e-016 -0.9659258262890682 0.2588190451025208 -4.976685865953351e-016 -0.9659258262890684 0.2588190451025201 4.976685865953332e-016 -1 1.603999781216443e-016 4.976685865953356e-016 -1 -4.72288824469286e-016 1.459090468045763e-015 0.8660254037844386 -0.5 1.459090468045761e-015 0.866025403784439 -0.4999999999999996 -1.459090468045761e-015 -0.866025403784439 0.4999999999999996 -1.459090468045763e-015 -0.8660254037844386 0.5 -1.45909046804576e-015 0.9659258262890682 0.2588190451025211 -1.459090468045758e-015 0.9659258262890684 0.2588190451025205 1.45909046804576e-015 -0.9659258262890682 -0.2588190451025211 1.459090468045758e-015 -0.9659258262890684 -0.2588190451025205 2.321077745359875e-015 0.7071067811865475 -0.7071067811865476 2.321077745359874e-015 0.7071067811865479 -0.7071067811865471 -2.321077745359874e-015 -0.7071067811865479 0.7071067811865471 -2.321077745359875e-015 -0.7071067811865475 0.7071067811865476 -2.321077745359872e-015 0.8660254037844385 0.5000000000000002 -2.321077745359871e-015 0.8660254037844388 0.4999999999999998 2.321077745359872e-015 -0.8660254037844385 -0.5000000000000002 2.321077745359871e-015 -0.8660254037844388 -0.4999999999999998 3.024887410090047e-015 0.5 -0.8660254037844387 3.024887410090045e-015 0.5000000000000003 -0.8660254037844384 -3.024887410090047e-015 -0.5 0.8660254037844387 -3.024887410090045e-015 -0.5000000000000003 0.8660254037844384 -3.024887410090045e-015 0.7071067811865477 0.7071067811865474 -3.024887410090045e-015 0.7071067811865474 0.7071067811865477 3.024887410090045e-015 -0.7071067811865477 -0.7071067811865474 3.024887410090045e-015 -0.7071067811865474 -0.7071067811865477 3.522555996685383e-015 0.2588190451025208 -0.9659258262890683 3.522555996685383e-015 0.258819045102521 -0.9659258262890682 -3.522555996685383e-015 -0.2588190451025208 0.9659258262890683 -3.522555996685383e-015 -0.258819045102521 0.9659258262890682 -3.522555996685381e-015 0.4999999999999999 0.8660254037844388 -3.522555996685381e-015 0.5000000000000001 0.8660254037844386 3.522555996685381e-015 -0.5000000000000001 -0.8660254037844386 3.522555996685381e-015 -0.4999999999999999 -0.8660254037844388 3.780168213405633e-015 2.673332968694072e-016 -1 3.780168213405634e-015 3.564443958258761e-016 -1 -3.780168213405633e-015 -2.673332968694072e-016 1 -3.780168213405634e-015 -3.564443958258761e-016 1 -3.780168213405633e-015 0.2588190451025206 0.9659258262890684 -3.780168213405632e-015 0.2588190451025206 0.9659258262890683 3.780168213405632e-015 -0.2588190451025206 -0.9659258262890683 3.780168213405633e-015 -0.2588190451025206 -0.9659258262890684 3.780168213405633e-015 -0.25881904510252 -0.9659258262890684 3.780168213405634e-015 -0.2588190451025201 -0.9659258262890684 -3.780168213405633e-015 0.25881904510252 0.9659258262890684 -3.780168213405634e-015 0.2588190451025201 0.9659258262890684 -3.780168213405634e-015 -2.049555275998789e-016 1 -3.780168213405633e-015 -2.851555166607008e-016 1 3.780168213405633e-015 2.851555166607008e-016 -1 3.780168213405634e-015 2.049555275998789e-016 -1 3.522555996685382e-015 -0.4999999999999996 -0.8660254037844389 3.522555996685382e-015 -0.4999999999999999 -0.8660254037844388 -3.522555996685382e-015 0.4999999999999996 0.8660254037844389 -3.522555996685382e-015 0.4999999999999999 0.8660254037844388 -3.522555996685381e-015 -0.2588190451025211 0.9659258262890682 -3.522555996685382e-015 -0.2588190451025214 0.9659258262890682 3.522555996685382e-015 0.2588190451025214 -0.9659258262890682 3.522555996685381e-015 0.2588190451025211 -0.9659258262890682 3.024887410090046e-015 -0.7071067811865472 -0.7071067811865478 3.024887410090045e-015 -0.7071067811865476 -0.7071067811865476 -3.024887410090046e-015 0.7071067811865472 0.7071067811865478 -3.024887410090045e-015 0.7071067811865476 0.7071067811865476 -3.024887410090046e-015 -0.5 0.8660254037844386 -3.024887410090045e-015 -0.5000000000000004 0.8660254037844384 3.024887410090045e-015 0.5000000000000004 -0.8660254037844384 3.024887410090046e-015 0.5 -0.8660254037844386 2.321077745359872e-015 -0.8660254037844386 -0.5000000000000002 2.321077745359874e-015 -0.8660254037844383 -0.5000000000000007 -2.321077745359872e-015 0.8660254037844386 0.5000000000000002 -2.321077745359874e-015 0.8660254037844383 0.5000000000000007 -2.321077745359872e-015 -0.707106781186548 0.707106781186547 -2.321077745359874e-015 -0.7071067811865476 0.7071067811865475 2.321077745359874e-015 0.7071067811865476 -0.7071067811865475 2.321077745359872e-015 0.707106781186548 -0.707106781186547 1.459090468045759e-015 -0.9659258262890682 -0.258819045102521 1.459090468045761e-015 -0.9659258262890681 -0.2588190451025215 -1.459090468045759e-015 0.9659258262890682 0.258819045102521 -1.459090468045761e-015 0.9659258262890681 0.2588190451025215 -1.459090468045758e-015 -0.8660254037844392 0.4999999999999991 -1.45909046804576e-015 -0.8660254037844389 0.4999999999999996 1.45909046804576e-015 0.8660254037844389 -0.4999999999999996 1.459090468045758e-015 0.8660254037844392 -0.4999999999999991 4.976685865953366e-016 -1 -7.663554510256337e-016 4.976685865953343e-016 -1 -1.247555385390567e-016 -4.976685865953366e-016 1 7.663554510256337e-016 -4.976685865953343e-016 1 1.247555385390567e-016 -4.976685865953368e-016 -0.9659258262890684 0.2588190451025206 -4.976685865953341e-016 -0.9659258262890684 0.2588190451025199 4.976685865953341e-016 0.9659258262890684 -0.2588190451025199 4.976685865953368e-016 0.9659258262890684 -0.2588190451025206</float_array>
                    <technique_common>
                        <accessor count="96" source="#ID18" stride="3">
                            <param name="X" type="float" />
                            <param name="Y" type="float" />
                            <param name="Z" type="float" />
                        </accessor>
                    </technique_common>
                </source>
                <vertices id="ID16">
                    <input semantic="POSITION" source="#ID14" />
                    <input semantic="NORMAL" source="#ID15" />
                </vertices>
                <triangles count="96" material="Material2">
                    <input offset="0" semantic="VERTEX" source="#ID16" />
                    <p>0 1 2 1 0 3 4 5 6 7 6 5 8 3 0 3 8 9 10 11 4 5 4 11 2 12 13 12 2 1 6 7 14 15 14 7 16 9 8 9 16 17 18 19 10 11 10 19 13 20 21 20 13 12 14 15 22 23 22 15 24 16 25 16 24 17 18 26 19 27 19 26 21 28 29 28 21 20 22 23 30 31 30 23 32 25 33 25 32 24 26 34 27 35 27 34 28 36 29 36 28 37 38 30 39 31 39 30 40 33 41 33 40 32 34 42 35 43 35 42 37 44 36 44 37 45 46 38 47 39 47 38 48 41 49 41 48 40 42 50 43 51 43 50 45 52 44 52 45 53 54 46 55 47 55 46 56 49 57 49 56 48 50 58 51 59 51 58 53 60 52 60 53 61 62 54 63 55 63 54 64 57 65 57 64 56 58 66 59 67 59 66 61 68 60 68 61 69 70 62 71 63 71 62 72 65 73 65 72 64 66 74 67 75 67 74 69 76 68 76 69 77 78 70 79 71 79 70 80 73 81 73 80 72 74 82 75 83 75 82 77 84 76 84 77 85 86 78 87 79 87 78 88 81 89 81 88 80 82 90 83 91 83 90 85 92 84 92 85 93 94 86 95 87 95 86 93 89 92 89 93 88 90 94 91 95 91 94</p>
                </triangles>
            </mesh>
        </geometry>
        <geometry id="ID21">
            <mesh>
                <source id="ID24">
                    <float_array id="ID27" count="144">22.29378935203442 59.13257209782867 2.096101070492296e-013 20.44515484881111 30.07874015748034 2.096101070492296e-013 15.03937007874016 56.12769324768942 2.096101070492296e-013 20.77341130807778 32.57209550798376 2.096101070492296e-013 21.73581055064823 34.89553281181493 2.096101070492296e-013 23.26676665858121 36.89071365637941 2.096101070492296e-013 30.07874015748032 60.15748031496063 2.096101070492296e-013 25.26194750314573 38.42166976431241 2.096101070492296e-013 27.58538480697688 39.38406900688285 2.096101070492296e-013 30.07874015748031 39.71232546614952 2.096101070492296e-013 32.57209550798376 39.38406900688285 2.096101070492296e-013 37.86369096292621 59.13257209782866 2.096101070492296e-013 34.89553281181492 38.4216697643124 2.096101070492296e-013 36.8907136563794 36.8907136563794 2.096101070492296e-013 38.42166976431241 34.8955328118149 2.096101070492296e-013 45.11811023622047 56.12769324768941 2.096101070492296e-013 39.38406900688284 32.57209550798377 2.096101070492296e-013 39.71232546614952 30.07874015748033 2.096101070492296e-013 45.11811023622045 4.029787067271204 2.096101070492296e-013 51.34762129238276 8.809859022577857 2.096101070492296e-013 51.34762129238276 51.34762129238277 2.096101070492296e-013 56.1276932476894 15.03937007874014 2.096101070492296e-013 56.12769324768941 45.11811023622047 2.096101070492296e-013 59.13257209782866 22.29378935203439 2.096101070492296e-013 59.13257209782866 37.86369096292621 2.096101070492296e-013 60.15748031496062 30.07874015748032 2.096101070492296e-013 1.024908217131966 37.86369096292622 2.096101070492296e-013 1.024908217131959 22.29378935203443 2.096101070492296e-013 0 30.07874015748032 2.096101070492296e-013 4.029787067271212 15.03937007874017 2.096101070492296e-013 4.029787067271219 45.11811023622048 2.096101070492296e-013 8.80985902257785 8.809859022577875 2.096101070492296e-013 8.809859022577864 51.34762129238277 2.096101070492296e-013 15.03937007874014 4.029787067271222 2.096101070492296e-013 22.29378935203439 1.024908217131969 2.096101070492296e-013 20.77341130807778 27.58538480697687 2.096101070492296e-013 21.73581055064823 25.26194750314571 2.096101070492296e-013 23.2667666585812 23.26676665858123 2.096101070492296e-013 30.0787401574803 0 2.096101070492296e-013 25.26194750314568 21.73581055064824 2.096101070492296e-013 27.58538480697684 20.77341130807779 2.096101070492296e-013 30.07874015748033 20.44515484881111 2.096101070492296e-013 37.8636909629262 1.024908217131959 2.096101070492296e-013 32.57209550798373 20.77341130807778 2.096101070492296e-013 34.89553281181489 21.73581055064821 2.096101070492296e-013 36.89071365637943 23.26676665858124 2.096101070492296e-013 38.4216697643124 25.26194750314571 2.096101070492296e-013 39.38406900688284 27.58538480697685 2.096101070492296e-013</float_array>
                    <technique_common>
                        <accessor count="48" source="#ID27" stride="3">
                            <param name="X" type="float" />
                            <param name="Y" type="float" />
                            <param name="Z" type="float" />
                        </accessor>
                    </technique_common>
                </source>
                <source id="ID25">
                    <float_array id="ID28" count="144">0 0 -1 0 0 -1 0 0 -1 0 0 -1 0 0 -1 0 0 -1 0 0 -1 0 0 -1 0 0 -1 0 0 -1 0 0 -1 0 0 -1 0 0 -1 0 0 -1 0 0 -1 0 0 -1 0 0 -1 0 0 -1 0 0 -1 0 0 -1 0 0 -1 0 0 -1 0 0 -1 0 0 -1 0 0 -1 0 0 -1 0 0 -1 0 0 -1 0 0 -1 0 0 -1 0 0 -1 0 0 -1 0 0 -1 0 0 -1 0 0 -1 0 0 -1 0 0 -1 0 0 -1 0 0 -1 0 0 -1 0 0 -1 0 0 -1 0 0 -1 0 0 -1 0 0 -1 0 0 -1 0 0 -1 0 0 -1</float_array>
                    <technique_common>
                        <accessor count="48" source="#ID28" stride="3">
                            <param name="X" type="float" />
                            <param name="Y" type="float" />
                            <param name="Z" type="float" />
                        </accessor>
                    </technique_common>
                </source>
                <vertices id="ID26">
                    <input semantic="POSITION" source="#ID24" />
                    <input semantic="NORMAL" source="#ID25" />
                </vertices>
                <triangles count="48" material="Material2">
                    <input offset="0" semantic="VERTEX" source="#ID26" />
                    <p>0 1 2 1 0 3 3 0 4 4 0 5 5 0 6 5 6 7 7 6 8 8 6 9 9 6 10 10 6 11 10 11 12 12 11 13 13 11 14 14 11 15 14 15 16 16 15 17 17 15 18 18 15 19 19 15 20 19 20 21 21 20 22 21 22 23 23 22 24 23 24 25 26 27 28 27 26 29 29 26 30 29 30 31 31 30 32 31 32 33 33 32 2 33 2 34 34 2 1 34 1 35 34 35 36 34 36 37 34 37 38 38 37 39 38 39 40 38 40 41 38 41 42 42 41 43 42 43 44 42 44 45 42 45 46 42 46 18 18 46 47 18 47 17</p>
                </triangles>
            </mesh>
        </geometry>
        <geometry id="ID29">
            <mesh>
                <source id="ID30">
                    <float_array id="ID33" count="342">55.58391821683818 14.33070866141732 15.74803149606303 43.93700787401578 14.86730982221939 19.82392197011845 43.9370078740158 14.33070866141732 15.74803149606299 55.99566676930245 14.86730982221939 19.82392197011849 55.99566676930245 14.86730982221939 11.6721410220076 43.93700787401581 14.86730982221939 11.67214102200755 55.99566676930245 14.86730982221939 11.6721410220076 55.99566676930245 14.86730982221939 19.82392197011849 55.58391821683818 14.33070866141732 15.74803149606303 56.12769324768939 15.03937007874015 11.2567508171698 56.1276932476894 15.03937007874015 20.23931217495629 43.93700787401577 16.4405448222923 23.62204724409449 56.1276932476894 15.03937007874015 20.23931217495629 56.70807882972335 16.4405448222923 23.62204724409452 43.93700787401578 14.86730982221939 19.82392197011845 43.93700787401581 14.86730982221939 11.67214102200755 43.9370078740158 14.33070866141732 15.74803149606299 43.93700787401582 16.44054482229229 7.874015748031511 43.93700787401577 16.4405448222923 23.62204724409449 43.93700787401583 18.94320029627483 4.61249163485752 43.93700787401576 18.94320029627484 26.88357135726847 43.93700787401584 22.2047244094488 2.109836160874991 43.93700787401575 22.20472440944882 29.38622683125101 43.93700787401585 26.00284968342485 0.5366011608020784 43.93700787401574 26.00284968342487 30.95946183132392 43.93700787401585 30.07874015748031 0 43.93700787401574 30.07874015748031 31.49606299212599 43.93700787401585 34.15463063153575 0.5366011608020784 43.93700787401574 34.15463063153575 30.95946183132391 43.93700787401575 37.95275590551181 29.38622683125101 43.93700787401584 37.95275590551181 2.109836160874977 43.93700787401576 41.21428001868578 26.88357135726847 43.93700787401583 41.21428001868578 4.61249163485752 43.93700787401577 43.71693549266833 23.62204724409449 43.93700787401582 43.71693549266831 7.874015748031496 43.93700787401581 45.29017049274123 11.67214102200754 43.93700787401578 45.29017049274123 19.82392197011843 43.9370078740158 45.8267716535433 15.74803149606299 56.70807882972334 16.4405448222923 7.874015748031558 43.93700787401582 16.44054482229229 7.874015748031511 56.12769324768939 15.03937007874015 11.2567508171698 56.70807882972334 16.4405448222923 7.874015748031558 56.70807882972335 16.4405448222923 23.62204724409452 57.74471266899418 18.94320029627484 4.612491634857575 57.74471266899418 18.94320029627484 26.8835713572685 59.09568019067772 22.20472440944881 2.109836160875051 59.09568019067773 22.20472440944882 29.38622683125105 59.13257209782866 22.29378935203439 2.072944253724121 59.13257209782866 22.29378935203439 29.42311873840198 43.93700787401576 18.94320029627484 26.88357135726847 57.74471266899418 18.94320029627484 26.8835713572685 43.93700787401576 41.21428001868578 26.88357135726847 56.70807882972336 43.71693549266833 23.62204724409453 43.93700787401577 43.71693549266833 23.62204724409449 57.74471266899418 41.21428001868578 26.88357135726851 55.99566676930245 45.29017049274123 19.82392197011847 43.93700787401578 45.29017049274123 19.82392197011843 56.12769324768941 45.11811023622047 20.23931217495627 55.58391821683819 45.8267716535433 15.74803149606303 43.9370078740158 45.8267716535433 15.74803149606299 55.99566676930245 45.29017049274122 11.67214102200758 43.93700787401581 45.29017049274123 11.67214102200754 56.70807882972335 43.71693549266832 7.874015748031537 43.93700787401582 43.71693549266831 7.874015748031496 56.12769324768941 45.11811023622047 11.25675081716975 57.74471266899418 41.21428001868579 4.612491634857559 43.93700787401583 41.21428001868578 4.61249163485752 43.93700787401584 37.95275590551181 2.109836160874977 59.09568019067773 37.95275590551182 2.109836160875021 43.93700787401585 34.15463063153575 0.5366011608020784 59.62087915415854 34.15463063153575 0.5366011608021388 59.13257209782866 37.86369096292621 2.072944253724092 43.93700787401585 30.07874015748031 0 60.15748031496062 30.07874015748032 2.096101070492296e-013 60.15748031496062 30.07874015748032 2.096101070492296e-013 43.93700787401585 26.00284968342485 0.5366011608020784 43.93700787401585 30.07874015748031 0 59.62087915415854 26.00284968342485 0.536601160802137 59.09568019067772 22.20472440944881 2.109836160875051 43.93700787401584 22.2047244094488 2.109836160874991 59.13257209782866 22.29378935203439 2.072944253724121 57.74471266899418 18.94320029627484 4.612491634857575 43.93700787401583 18.94320029627483 4.61249163485752 59.09568019067773 22.20472440944882 29.38622683125105 43.93700787401575 22.20472440944882 29.38622683125101 59.62087915415854 26.00284968342487 30.95946183132397 43.93700787401574 26.00284968342487 30.95946183132392 59.13257209782866 22.29378935203439 29.42311873840198 43.93700787401574 30.07874015748031 31.49606299212599 60.15748031496062 30.07874015748032 31.49606299212599 43.93700787401574 34.15463063153575 30.95946183132391 59.62087915415855 34.15463063153575 30.95946183132395 43.93700787401575 37.95275590551181 29.38622683125101 59.09568019067773 37.95275590551181 29.38622683125106 59.13257209782866 37.86369096292621 29.42311873840199 59.62087915415854 26.00284968342485 0.536601160802137 59.62087915415854 26.00284968342487 30.95946183132397 60.15748031496062 30.07874015748032 2.096101070492296e-013 60.15748031496062 30.07874015748032 31.49606299212599 59.09568019067773 37.95275590551182 2.109836160875021 59.13257209782866 37.86369096292621 29.42311873840199 59.13257209782866 37.86369096292621 2.072944253724092 59.09568019067773 37.95275590551181 29.38622683125106 57.74471266899418 41.21428001868578 26.88357135726851 57.74471266899418 41.21428001868579 4.612491634857559 56.70807882972336 43.71693549266833 23.62204724409453 56.70807882972335 43.71693549266832 7.874015748031537 56.12769324768941 45.11811023622047 11.25675081716975 56.12769324768941 45.11811023622047 20.23931217495627 55.99566676930245 45.29017049274122 11.67214102200758 55.99566676930245 45.29017049274123 19.82392197011847 55.58391821683819 45.8267716535433 15.74803149606303 59.62087915415854 34.15463063153575 0.5366011608021388 59.62087915415855 34.15463063153575 30.95946183132395</float_array>
                    <technique_common>
                        <accessor count="114" source="#ID33" stride="3">
                            <param name="X" type="float" />
                            <param name="Y" type="float" />
                            <param name="Z" type="float" />
                        </accessor>
                    </technique_common>
                </source>
                <source id="ID31">
                    <float_array id="ID34" count="342">1.94451161217942e-016 -1 2.932527698139029e-016 -8.243282560691049e-016 -0.9659258262890681 0.2588190451025219 1.944511612179431e-016 -1 4.455554947823453e-017 -8.737842263387213e-016 -0.9618668888948543 0.2735179848707099 1.383600131712837e-015 -0.9618668888948549 -0.2735179848707079 1.321644920336233e-015 -0.9659258262890682 -0.2588190451025209 0.7933533402912391 -0.6087614290087157 -1.722280933294505e-016 0.7933533402912391 -0.6087614290087157 -1.722280933294505e-016 0.7933533402912391 -0.6087614290087157 -1.722280933294505e-016 0.9082216208461135 -0.4184895308459444 -9.088910014847858e-017 0.9082216208461132 -0.4184895308459449 -9.088910014847877e-017 -1.541324197107199e-015 -0.8660254037844383 0.5000000000000009 -1.241433160177384e-015 -0.9238795325112862 0.3826834323650914 -1.577283464467257e-015 -0.8576749567016496 0.5141922487230081 -1 -9.497247594155165e-031 -3.471242878646278e-015 -1 -9.497247594155165e-031 -3.471242878646278e-015 -1 -9.497247594155165e-031 -3.471242878646278e-015 -1 -9.497247594155165e-031 -3.471242878646278e-015 -1 -9.497247594155165e-031 -3.471242878646278e-015 -1 -9.497247594155165e-031 -3.471242878646278e-015 -1 -9.497247594155165e-031 -3.471242878646278e-015 -1 -9.497247594155165e-031 -3.471242878646278e-015 -1 -9.497247594155165e-031 -3.471242878646278e-015 -1 -9.497247594155165e-031 -3.471242878646278e-015 -1 -9.497247594155165e-031 -3.471242878646278e-015 -1 -9.497247594155165e-031 -3.471242878646278e-015 -1 -9.497247594155165e-031 -3.471242878646278e-015 -1 -9.497247594155165e-031 -3.471242878646278e-015 -1 -9.497247594155165e-031 -3.471242878646278e-015 -1 -9.497247594155165e-031 -3.471242878646278e-015 -1 -9.497247594155165e-031 -3.471242878646278e-015 -1 -9.497247594155165e-031 -3.471242878646278e-015 -1 -9.497247594155165e-031 -3.471242878646278e-015 -1 -9.497247594155165e-031 -3.471242878646278e-015 -1 -9.497247594155165e-031 -3.471242878646278e-015 -1 -9.497247594155165e-031 -3.471242878646278e-015 -1 -9.497247594155165e-031 -3.471242878646278e-015 -1 -9.497247594155165e-031 -3.471242878646278e-015 2.349591575254453e-015 -0.8576749567016506 -0.5141922487230063 2.295205079798265e-015 -0.8660254037844389 -0.4999999999999996 1.841982053548401e-015 -0.9238795325112869 -0.3826834323650897 0.9238795325112865 -0.3826834323650904 -7.603415032432309e-017 0.9238795325112865 -0.3826834323650904 -7.603415032432309e-017 0.9238795325112865 -0.3826834323650904 -7.603415032432309e-017 0.9238795325112865 -0.3826834323650904 -7.603415032432309e-017 0.9238795325112865 -0.3826834323650904 -7.603415032432309e-017 0.9238795325112865 -0.3826834323650904 -7.603415032432309e-017 0.9735738805300628 -0.2283722819206289 3.941681889170911e-017 0.9735738805300624 -0.2283722819206296 3.941681889170858e-017 -2.090560307550754e-015 -0.7071067811865479 0.7071067811865471 -2.135692554840889e-015 -0.6905614295131827 0.7232737462874689 -2.243379869399038e-015 0.7071067811865478 0.7071067811865472 -1.62626324219539e-015 0.85767495670165 0.5141922487230072 -1.57506385954963e-015 0.8660254037844386 0.5 -2.287978011004703e-015 0.6905614295131823 0.7232737462874689 -7.411170719487171e-016 0.9618668888948547 0.2735179848707083 -6.858109140441902e-016 0.9659258262890685 0.25881904510252 -1.154039851067412e-015 0.9238795325112875 0.3826834323650885 3.098188592161578e-016 1 -1.675730113222304e-016 3.098188592161589e-016 1 -4.099110551997577e-016 9.532332413910611e-016 0.9618668888948547 -0.2735179848707087 9.402551103894256e-016 0.9659258262890682 -0.2588190451025212 1.245953347156282e-015 0.8576749567016505 -0.5141922487230064 1.224678299274773e-015 0.8660254037844389 -0.4999999999999998 1.044238001160044e-015 0.9238795325112867 -0.3826834323650902 1.704175161251034e-015 0.6905614295131828 -0.7232737462874685 1.65851455002563e-015 0.7071067811865481 -0.7071067811865469 2.503801725561317e-015 0.4999999999999986 -0.8660254037844396 2.627570967492095e-015 0.4753970442120644 -0.8797713625450834 5.797977992639208e-015 0.2588190451025109 -0.9659258262890709 6.013519429703031e-015 0.2486804569224571 -0.9685855823544131 3.060275265284015e-015 0.382683432365086 -0.9238795325112884 8.436475709037143e-015 0.1305261922200354 -0.9914448613738125 8.436475709037143e-015 0.1305261922200354 -0.9914448613738125 8.426272016200277e-015 -0.1305261922200345 -0.9914448613738127 6.053560051900569e-015 -0.2588190451025136 -0.9659258262890702 8.426272016200277e-015 -0.1305261922200345 -0.9914448613738127 6.247919894323319e-015 -0.2486804569224596 -0.9685855823544127 3.55568921199856e-015 -0.475397044212063 -0.8797713625450842 3.543195591084635e-015 -0.5000000000000006 -0.8660254037844383 3.577269996748901e-015 -0.382683432365092 -0.923879532511286 3.170073268484412e-015 -0.6905614295131819 -0.7232737462874692 3.105393389576287e-015 -0.7071067811865475 -0.7071067811865475 -2.738503889828341e-015 -0.475397044212065 0.879771362545083 -2.670990015321859e-015 -0.5000000000000013 0.8660254037844378 -2.253460303315143e-015 -0.2486804569224634 0.9685855823544115 -2.307993529498784e-015 -0.2588190451025172 0.9659258262890693 -2.96577085200544e-015 -0.3826834323650912 0.9238795325112862 -1.533941854808325e-015 2.147577484850902e-015 1 -1.533941854808325e-015 2.263301641309994e-015 1 -2.161240174654149e-015 0.258819045102517 0.9659258262890693 -2.103959349357784e-015 0.2486804569224636 0.9685855823544117 -2.689925681030534e-015 0.4999999999999996 0.8660254037844389 -2.729375516774393e-015 0.4753970442120646 0.8797713625450833 -2.854589189324835e-015 0.382683432365087 0.9238795325112881 0.9914448613738105 -0.1305261922200515 1.098833241005877e-016 0.9914448613738105 -0.1305261922200515 1.098833241005877e-016 1 2.91412228494842e-017 3.245998569800312e-017 1 -1.457061142474233e-016 3.245998569800322e-017 0.9238795325112869 0.3826834323650896 -2.76277806482151e-017 0.9735738805300626 0.2283722819206292 -3.902187799734217e-017 0.9735738805300618 0.2283722819206332 -3.902187799734189e-017 0.9238795325112869 0.3826834323650896 -2.76277806482151e-017 0.9238795325112869 0.3826834323650896 -2.76277806482151e-017 0.9238795325112869 0.3826834323650896 -2.76277806482151e-017 0.9238795325112869 0.3826834323650896 -2.76277806482151e-017 0.9238795325112869 0.3826834323650896 -2.76277806482151e-017 0.9082216208461138 0.4184895308459435 -7.96787504402942e-017 0.9082216208461129 0.4184895308459454 -7.967875044029686e-017 0.7933533402912362 0.6087614290087197 -3.716151006966435e-016 0.7933533402912362 0.6087614290087197 -3.716151006966435e-016 0.7933533402912362 0.6087614290087197 -3.716151006966435e-016 0.9914448613738105 0.1305261922200517 -4.551875205948262e-017 0.9914448613738105 0.1305261922200517 -4.551875205948262e-017</float_array>
                    <technique_common>
                        <accessor count="114" source="#ID34" stride="3">
                            <param name="X" type="float" />
                            <param name="Y" type="float" />
                            <param name="Z" type="float" />
                        </accessor>
                    </technique_common>
                </source>
                <vertices id="ID32">
                    <input semantic="POSITION" source="#ID30" />
                    <input semantic="NORMAL" source="#ID31" />
                </vertices>
                <triangles count="108" material="Material2">
                    <input offset="0" semantic="VERTEX" source="#ID32" />
                    <p>0 1 2 1 0 3 4 2 5 2 4 0 6 7 8 7 6 9 7 9 10 3 11 1 11 3 12 11 12 13 14 15 16 15 14 17 17 14 18 17 18 19 19 18 20 19 20 21 21 20 22 21 22 23 23 22 24 23 24 25 25 24 26 25 26 27 27 26 28 27 28 29 27 29 30 30 29 31 30 31 32 32 31 33 32 33 34 34 33 35 35 33 36 35 36 37 38 5 39 5 38 40 5 40 4 41 10 9 10 41 42 42 41 43 42 43 44 44 43 45 44 45 46 46 45 47 46 47 48 13 49 11 49 13 50 51 52 53 52 51 54 53 55 56 55 53 57 57 53 52 56 58 59 58 56 55 59 60 61 60 59 58 61 62 63 62 61 64 64 61 60 63 65 66 65 63 62 65 67 66 67 65 68 68 69 67 69 68 70 70 68 71 70 72 69 72 70 73 74 75 76 75 74 77 75 78 79 78 75 77 78 77 80 79 81 82 81 79 78 81 39 82 39 81 38 49 83 84 83 49 50 84 85 86 85 84 83 85 83 87 85 88 86 88 85 89 89 90 88 90 89 91 91 92 90 92 91 93 93 91 94 93 51 92 51 93 54 95 48 47 48 95 96 96 95 97 96 97 98 99 100 101 100 99 102 102 99 103 103 99 104 103 104 105 105 104 106 105 106 107 105 107 108 109 108 107 108 109 110 110 109 111 112 98 97 98 112 113 113 112 101 113 101 100</p>
                </triangles>
            </mesh>
        </geometry>
        <geometry id="ID35">
            <mesh>
                <source id="ID38">
                    <float_array id="ID41" count="552">502.1653543307086 18.94320029627483 4.612491634859111 56.70807882972334 16.4405448222923 7.874015748031558 57.74471266899418 18.94320029627484 4.612491634857575 502.1653543307086 16.44054482229229 7.874015748033099 56.12769324768939 15.03937007874015 11.2567508171698 502.1653543307086 14.86730982221939 11.67214102200914 55.99566676930245 14.86730982221939 11.6721410220076 56.1276932476894 15.03937007874014 2.096101070492296e-013 56.70807882972334 16.4405448222923 7.874015748031558 56.12769324768939 15.03937007874015 11.2567508171698 59.13257209782866 22.29378935203439 2.096101070492296e-013 57.74471266899418 18.94320029627484 4.612491634857575 59.09568019067772 22.20472440944881 2.109836160875051 59.13257209782866 22.29378935203439 2.072944253724121 59.09568019067772 22.20472440944881 2.109836160875051 502.1653543307086 22.2047244094488 2.109836160876582 55.58391821683818 14.33070866141732 15.74803149606303 502.1653543307086 14.33070866141732 15.74803149606458 51.34762129238276 8.809859022577857 31.49606299212599 51.34762129238276 8.809859022577857 2.096101070492296e-013 55.58391821683818 14.33070866141732 15.74803149606303 55.99566676930245 14.86730982221939 11.6721410220076 56.1276932476894 15.03937007874014 31.49606299212599 55.99566676930245 14.86730982221939 19.82392197011849 56.1276932476894 15.03937007874015 20.23931217495629 59.62087915415854 26.00284968342485 0.536601160802137 60.15748031496062 30.07874015748032 2.096101070492296e-013 59.13257209782866 22.29378935203439 2.072944253724121 59.62087915415854 26.00284968342485 0.536601160802137 502.1653543307086 26.00284968342485 0.53660116080367 55.99566676930245 14.86730982221939 19.82392197011849 502.1653543307086 14.86730982221939 19.82392197012004 56.1276932476894 15.03937007874015 20.23931217495629 502.1653543307086 16.4405448222923 23.62204724409608 56.70807882972335 16.4405448222923 23.62204724409452 56.70807882972335 16.4405448222923 23.62204724409452 59.13257209782866 22.29378935203439 31.49606299212599 57.74471266899418 18.94320029627484 26.8835713572685 59.09568019067773 22.20472440944882 29.38622683125105 59.13257209782866 22.29378935203439 29.42311873840198 1.024908217131959 22.29378935203443 31.49606299212599 1.024908217131966 37.86369096292622 31.49606299212599 0 30.07874015748032 31.49606299212599 4.029787067271212 15.03937007874017 31.49606299212599 4.029787067271219 45.11811023622048 31.49606299212599 8.80985902257785 8.809859022577875 31.49606299212599 8.809859022577864 51.34762129238277 31.49606299212599 15.03937007874014 4.029787067271222 31.49606299212599 15.03937007874016 56.12769324768942 31.49606299212599 22.29378935203439 1.024908217131969 31.49606299212599 20.44515484881111 30.07874015748034 31.49606299212599 20.77341130807778 27.58538480697687 31.49606299212599 21.73581055064823 25.26194750314571 31.49606299212599 23.2667666585812 23.26676665858123 31.49606299212599 30.0787401574803 0 31.49606299212599 25.26194750314568 21.73581055064824 31.49606299212599 27.58538480697684 20.77341130807779 31.49606299212599 30.07874015748033 20.44515484881111 31.49606299212599 37.8636909629262 1.024908217131959 31.49606299212599 32.57209550798373 20.77341130807778 31.49606299212599 34.89553281181489 21.73581055064821 31.49606299212599 36.89071365637943 23.26676665858124 31.49606299212599 38.4216697643124 25.26194750314571 31.49606299212599 45.11811023622045 4.029787067271204 31.49606299212599 39.38406900688284 27.58538480697685 31.49606299212599 39.71232546614952 30.07874015748033 31.49606299212599 22.29378935203442 59.13257209782867 31.49606299212599 20.77341130807778 32.57209550798376 31.49606299212599 21.73581055064823 34.89553281181493 31.49606299212599 23.26676665858121 36.89071365637941 31.49606299212599 30.07874015748032 60.15748031496063 31.49606299212599 25.26194750314573 38.42166976431241 31.49606299212599 27.58538480697688 39.38406900688285 31.49606299212599 30.07874015748031 39.71232546614952 31.49606299212599 32.57209550798376 39.38406900688285 31.49606299212599 37.86369096292621 59.13257209782866 31.49606299212599 34.89553281181492 38.4216697643124 31.49606299212599 36.8907136563794 36.8907136563794 31.49606299212599 38.42166976431241 34.8955328118149 31.49606299212599 45.11811023622047 56.12769324768941 31.49606299212599 39.38406900688284 32.57209550798377 31.49606299212599 51.34762129238276 8.809859022577857 31.49606299212599 51.34762129238276 51.34762129238277 31.49606299212599 56.1276932476894 15.03937007874014 31.49606299212599 56.12769324768941 45.11811023622047 31.49606299212599 59.13257209782866 22.29378935203439 31.49606299212599 59.13257209782866 37.86369096292621 31.49606299212599 60.15748031496062 30.07874015748032 31.49606299212599 45.11811023622045 4.029787067271204 2.096101070492296e-013 45.11811023622045 4.029787067271204 31.49606299212599 60.15748031496062 30.07874015748032 2.096101070492296e-013 502.1653543307086 30.07874015748031 1.591615728102624e-012 57.74471266899418 18.94320029627484 26.8835713572685 502.1653543307085 18.94320029627484 26.88357135727005 59.09568019067773 22.20472440944882 29.38622683125105 502.1653543307085 22.20472440944882 29.3862268312526 59.13257209782866 22.29378935203439 29.42311873840198 59.62087915415854 26.00284968342487 30.95946183132397 502.1653543307085 26.00284968342487 30.95946183132551 59.62087915415854 26.00284968342487 30.95946183132397 60.15748031496062 30.07874015748032 31.49606299212599 15.03937007874014 4.029787067271222 31.49606299212599 8.80985902257785 8.809859022577875 2.096101070492296e-013 15.03937007874014 4.029787067271222 2.096101070492296e-013 8.80985902257785 8.809859022577875 31.49606299212599 22.29378935203439 1.024908217131969 31.49606299212599 22.29378935203439 1.024908217131969 2.096101070492296e-013 30.0787401574803 0 31.49606299212599 30.0787401574803 0 2.096101070492296e-013 37.8636909629262 1.024908217131959 31.49606299212599 37.8636909629262 1.024908217131959 2.096101070492296e-013 59.62087915415855 34.15463063153575 30.95946183132395 59.13257209782866 37.86369096292621 31.49606299212599 60.15748031496062 30.07874015748032 31.49606299212599 59.13257209782866 37.86369096292621 29.42311873840199 59.09568019067773 37.95275590551181 29.38622683125106 56.12769324768941 45.11811023622047 31.49606299212599 57.74471266899418 41.21428001868578 26.88357135726851 56.70807882972336 43.71693549266833 23.62204724409453 56.12769324768941 45.11811023622047 20.23931217495627 56.12769324768941 45.11811023622047 2.096101070492296e-013 55.99566676930245 45.29017049274122 11.67214102200758 56.12769324768941 45.11811023622047 11.25675081716975 51.34762129238276 51.34762129238277 2.096101070492296e-013 55.58391821683819 45.8267716535433 15.74803149606303 55.99566676930245 45.29017049274123 19.82392197011847 51.34762129238276 51.34762129238277 31.49606299212599 45.11811023622047 56.12769324768941 31.49606299212599 45.11811023622047 56.12769324768941 2.096101070492296e-013 37.86369096292621 59.13257209782866 31.49606299212599 37.86369096292621 59.13257209782866 2.096101070492296e-013 30.07874015748032 60.15748031496063 31.49606299212599 30.07874015748032 60.15748031496063 2.096101070492296e-013 22.29378935203442 59.13257209782867 31.49606299212599 22.29378935203442 59.13257209782867 2.096101070492296e-013 15.03937007874016 56.12769324768942 31.49606299212599 15.03937007874016 56.12769324768942 2.096101070492296e-013 8.809859022577864 51.34762129238277 31.49606299212599 8.809859022577864 51.34762129238277 2.096101070492296e-013 4.029787067271219 45.11811023622048 2.096101070492296e-013 4.029787067271219 45.11811023622048 31.49606299212599 1.024908217131966 37.86369096292622 2.096101070492296e-013 1.024908217131966 37.86369096292622 31.49606299212599 0 30.07874015748032 2.096101070492296e-013 0 30.07874015748032 31.49606299212599 1.024908217131959 22.29378935203443 2.096101070492296e-013 1.024908217131959 22.29378935203443 31.49606299212599 4.029787067271212 15.03937007874017 2.096101070492296e-013 4.029787067271212 15.03937007874017 31.49606299212599 502.1653543307086 34.15463063153575 0.53660116080367 59.62087915415854 34.15463063153575 0.5366011608021388 60.15748031496062 30.07874015748032 31.49606299212599 502.1653543307085 30.07874015748031 31.49606299212757 502.1653543307085 34.15463063153575 30.9594618313255 59.62087915415855 34.15463063153575 30.95946183132395 59.13257209782866 37.86369096292621 29.42311873840199 502.1653543307085 37.95275590551181 29.3862268312526 59.09568019067773 37.95275590551181 29.38622683125106 502.1653543307085 41.21428001868578 26.88357135727005 57.74471266899418 41.21428001868578 26.88357135726851 502.1653543307086 43.71693549266833 23.62204724409608 56.70807882972336 43.71693549266833 23.62204724409453 56.12769324768941 45.11811023622047 20.23931217495627 502.1653543307086 45.29017049274123 19.82392197012003 55.99566676930245 45.29017049274123 19.82392197011847 502.1653543307086 45.8267716535433 15.74803149606458 55.58391821683819 45.8267716535433 15.74803149606303 502.1653543307086 45.29017049274123 11.67214102200913 55.99566676930245 45.29017049274122 11.67214102200758 56.12769324768941 45.11811023622047 11.25675081716975 502.1653543307086 43.71693549266831 7.874015748033084 56.70807882972335 43.71693549266832 7.874015748031537 59.13257209782866 37.86369096292621 2.072944253724092 59.13257209782866 37.86369096292621 2.096101070492296e-013 59.09568019067773 37.95275590551182 2.109836160875021 57.74471266899418 41.21428001868579 4.612491634857559 56.70807882972335 43.71693549266832 7.874015748031537 59.62087915415854 34.15463063153575 0.5366011608021388 60.15748031496062 30.07874015748032 2.096101070492296e-013 502.1653543307086 37.95275590551181 2.109836160876568 59.13257209782866 37.86369096292621 2.072944253724092 59.09568019067773 37.95275590551182 2.109836160875021 502.1653543307086 41.21428001868578 4.612491634859111 57.74471266899418 41.21428001868579 4.612491634857559</float_array>
                    <technique_common>
                        <accessor count="184" source="#ID41" stride="3">
                            <param name="X" type="float" />
                            <param name="Y" type="float" />
                            <param name="Z" type="float" />
                        </accessor>
                    </technique_common>
                </source>
                <source id="ID39">
                    <float_array id="ID42" count="552">2.254304301811699e-015 -0.7071067811865475 -0.7071067811865475 1.530743179997944e-015 -0.8746111991946884 -0.48482496866728 2.199576491621546e-015 -0.7240064175281122 -0.6897932352365518 1.581162743263531e-015 -0.8660254037844392 -0.4999999999999993 1.191968565000766e-015 -0.923879532511287 -0.3826834323650898 7.899620969579924e-016 -0.9659258262890683 -0.2588190451025206 7.360905260134011e-016 -0.970226153911707 -0.2422007643788444 0.8660254037844384 -0.5000000000000003 1.968382955786431e-016 0.9238795325112867 -0.3826834323650904 4.081173930748747e-016 0.8144868662951097 -0.5801819926822721 4.060378414759085e-017 0.9659258262890681 -0.2588190451025212 -1.614334263758771e-015 0.9238795325112867 -0.3826834323650904 4.081173930748747e-016 0.9238795325112867 -0.3826834323650904 4.081173930748747e-016 0.9571850791925485 -0.2894766383858197 -1.122992526259845e-015 2.761315341222426e-015 -0.5249498357352558 -0.8511331681714255 2.823097562070201e-015 -0.5000000000000006 -0.8660254037844384 -4.605720123947524e-017 -1 -2.47411758996974e-016 -4.605720123947707e-017 -1 3.297110661389354e-016 0.7071067811865471 -0.7071067811865479 -8.981215407253188e-018 0.7071067811865471 -0.7071067811865479 -8.981215407253188e-018 0.7933533402912349 -0.608761429008721 -1.780875972882494e-017 0.7933533402912349 -0.608761429008721 -1.780875972882494e-017 0.8660254037844386 -0.5000000000000003 -2.95631665058423e-017 0.7933533402912349 -0.608761429008721 -1.780875972882494e-017 0.8144868662951098 -0.5801819926822717 -2.103940990561015e-017 0.9914448613738105 -0.1305261922200522 -3.609164213761484e-015 0.9914448613738105 -0.1305261922200522 -3.609164213761484e-015 3.071157098742622e-015 -0.3826834323650921 -0.923879532511286 2.454405171206214e-015 -0.2689856252453738 -0.9631441913915878 2.398569353147635e-015 -0.2588190451025135 -0.9659258262890704 -8.543585714451464e-016 -0.9702261539117073 0.2422007643788439 -9.121720462646247e-016 -0.9659258262890679 0.258819045102522 -1.342971066502115e-015 -0.9238795325112862 0.3826834323650912 -1.783826798802546e-015 -0.8660254037844387 0.5 -1.726707400901438e-015 -0.874611199194688 0.4848249686672809 0.9238795325112867 -0.3826834323650901 -4.081173930748646e-017 0.9659258262890682 -0.2588190451025211 8.194890218604119e-016 0.9238795325112867 -0.3826834323650901 -4.081173930748646e-017 0.9238795325112867 -0.3826834323650901 -4.081173930748646e-017 0.9571850791925487 -0.2894766383858189 6.106943882386805e-016 0 0 1 0 0 1 0 0 1 0 0 1 0 0 1 0 0 1 0 0 1 0 0 1 0 0 1 0 0 1 0 0 1 0 0 1 0 0 1 0 0 1 0 0 1 0 0 1 0 0 1 0 0 1 0 0 1 0 0 1 0 0 1 0 0 1 0 0 1 0 0 1 0 0 1 0 0 1 0 0 1 0 0 1 0 0 1 0 0 1 0 0 1 0 0 1 0 0 1 0 0 1 0 0 1 0 0 1 0 0 1 0 0 1 0 0 1 0 0 1 0 0 1 0 0 1 0 0 1 0 0 1 0 0 1 0 0 1 0 0 1 0 0 1 0.4999999999999994 -0.8660254037844392 0 0.4999999999999994 -0.8660254037844392 0 1.697198818061434e-015 4.773977525698182e-016 -1 1.697198818061434e-015 4.455554947823441e-016 -1 -2.494135069845177e-015 -0.7240064175281127 0.6897932352365512 -2.558322834792721e-015 -0.7071067811865485 0.7071067811865465 -3.059768822073262e-015 -0.5249498357352544 0.8511331681714263 -3.1056875808279e-015 -0.5000000000000011 0.8660254037844379 -3.279524689512759e-015 -0.3826834323650912 0.9238795325112862 -3.675342709436975e-015 -0.2689856252453771 0.9631441913915867 -3.70755083245942e-015 -0.2588190451025171 0.9659258262890693 0.9914448613738105 -0.1305261922200521 1.665768098658998e-015 0.9914448613738105 -0.1305261922200521 1.665768098658998e-015 -0.5000000000000006 -0.8660254037844383 0 -0.707106781186548 -0.707106781186547 0 -0.5000000000000006 -0.8660254037844383 0 -0.707106781186548 -0.707106781186547 0 -0.2588190451025212 -0.9659258262890682 0 -0.2588190451025212 -0.9659258262890682 0 -4.72288824469286e-016 -1 0 -4.72288824469286e-016 -1 0 0.2588190451025204 -0.9659258262890684 0 0.2588190451025204 -0.9659258262890684 0 0.9914448613738105 0.1305261922200517 0 0.9659258262890682 0.2588190451025207 1.029097554929454e-016 0.9914448613738105 0.1305261922200517 0 0.9571850791925489 0.2894766383858184 1.277736052706834e-016 0.9238795325112869 0.3826834323650897 2.040586965374319e-016 0.8660254037844387 0.5 9.139265940656835e-017 0.9238795325112869 0.3826834323650897 2.040586965374319e-016 0.9238795325112869 0.3826834323650897 2.040586965374319e-016 0.8144868662951098 0.5801819926822717 8.225882504627016e-018 0.8660254037844386 0.5 -1.151709608637706e-017 0.7933533402912352 0.6087614290087207 -2.28371314655739e-017 0.81448686629511 0.5801819926822717 -1.979375115591818e-017 0.7071067811865476 0.7071067811865475 -1.151709608637705e-017 0.7933533402912352 0.6087614290087207 -2.28371314655739e-017 0.7933533402912352 0.6087614290087207 -2.28371314655739e-017 0.7071067811865476 0.7071067811865475 -1.151709608637705e-017 0.5000000000000001 0.8660254037844386 0 0.5000000000000001 0.8660254037844386 0 0.258819045102521 0.9659258262890682 0 0.258819045102521 0.9659258262890682 0 1.782221979129381e-016 1 0 1.782221979129381e-016 1 0 -0.2588190451025206 0.9659258262890682 0 -0.2588190451025206 0.9659258262890682 0 -0.4999999999999999 0.8660254037844387 0 -0.4999999999999999 0.8660254037844387 0 -0.7071067811865474 0.7071067811865477 0 -0.7071067811865474 0.7071067811865477 0 -0.8660254037844385 0.5000000000000002 0 -0.8660254037844385 0.5000000000000002 0 -0.9659258262890682 0.2588190451025208 0 -0.9659258262890682 0.2588190451025208 0 -1 3.386221760345823e-016 0 -1 3.386221760345823e-016 0 -0.9659258262890684 -0.2588190451025205 0 -0.9659258262890684 -0.2588190451025205 0 -0.8660254037844388 -0.4999999999999998 0 -0.8660254037844388 -0.4999999999999998 0 2.487011110995364e-015 0.2588190451025108 -0.9659258262890709 2.55028804300835e-015 0.2689856252453707 -0.9631441913915886 -4.141829625710801e-015 2.082441920692486e-015 1 -4.141829625710801e-015 2.138666374955255e-015 1 -3.759724952265826e-015 0.2588190451025168 0.9659258262890693 -3.726158598124326e-015 0.2689856252453766 0.9631441913915869 -3.314468322747519e-015 0.3826834323650868 0.9238795325112881 -3.102185855362115e-015 0.4999999999999994 0.8660254037844389 -3.047717842507431e-015 0.5249498357352503 0.8511331681714289 -2.514820137740231e-015 0.7071067811865485 0.7071067811865465 -2.450414655163174e-015 0.7240064175281123 0.6897932352365516 -1.776738919857256e-015 0.8660254037844392 0.4999999999999993 -1.724609126589369e-015 0.8746111991946886 0.4848249686672798 -1.373290466409854e-015 0.9238795325112873 0.3826834323650885 -9.502230238510641e-016 0.9659258262890684 0.2588190451025201 -8.933778856689453e-016 0.9702261539117077 0.2422007643788416 -7.427069453460369e-017 1 -1.336666484347036e-016 -7.427069453460168e-017 1 -7.422352769909212e-016 8.87045446160892e-016 0.9659258262890683 -0.2588190451025209 8.190797651090188e-016 0.9702261539117071 -0.2422007643788442 1.395286893793918e-015 0.9238795325112867 -0.3826834323650902 1.868298380975756e-015 0.8660254037844389 -0.4999999999999996 1.806967510998735e-015 0.8746111991946883 -0.4848249686672803 0.9571850791925497 0.289476638385816 1.514878831649791e-017 0.9659258262890682 0.2588190451025207 2.000168983235961e-017 0.9238795325112867 0.3826834323650897 0 0.9238795325112867 0.3826834323650897 0 0.9238795325112867 0.3826834323650897 0 0.9914448613738105 0.1305261922200516 3.966114520617145e-017 0.9914448613738105 0.1305261922200516 3.966114520617145e-017 3.159052334875774e-015 0.4999999999999988 -0.8660254037844394 3.251052099469635e-015 0.3826834323650861 -0.9238795325112884 3.131225279892287e-015 0.5249498357352487 -0.85113316817143 2.684134681212303e-015 0.7071067811865484 -0.7071067811865467 2.618139399997428e-015 0.7240064175281127 -0.6897932352365511</float_array>
                    <technique_common>
                        <accessor count="184" source="#ID42" stride="3">
                            <param name="X" type="float" />
                            <param name="Y" type="float" />
                            <param name="Z" type="float" />
                        </accessor>
                    </technique_common>
                </source>
                <vertices id="ID40">
                    <input semantic="POSITION" source="#ID38" />
                    <input semantic="NORMAL" source="#ID39" />
                </vertices>
                <triangles count="182" material="Material2">
                    <input offset="0" semantic="VERTEX" source="#ID40" />
                    <p>0 1 2 1 0 3 3 4 1 4 3 5 4 5 6 7 8 9 8 7 10 8 10 11 11 10 12 12 10 13 14 0 2 0 14 15 5 16 6 16 5 17 7 18 19 18 7 20 20 7 21 21 7 9 20 22 18 22 20 23 22 23 24 10 25 13 25 10 26 27 15 14 15 27 28 15 28 29 17 30 16 30 17 31 31 32 30 32 31 33 32 33 34 22 35 36 35 22 24 36 35 37 36 37 38 36 38 39 40 41 42 41 40 43 41 43 44 44 43 45 44 45 46 46 45 47 46 47 48 48 47 49 48 49 50 50 49 51 51 49 52 52 49 53 53 49 54 53 54 55 55 54 56 56 54 57 57 54 58 57 58 59 59 58 60 60 58 61 61 58 62 62 58 63 62 63 64 64 63 65 50 66 48 66 50 67 66 67 68 66 68 69 66 69 70 70 69 71 70 71 72 70 72 73 70 73 74 70 74 75 75 74 76 75 76 77 75 77 78 75 78 79 79 78 80 79 80 65 79 65 63 79 63 81 79 81 82 82 81 83 82 83 84 84 83 85 84 85 86 86 85 87 18 88 19 88 18 89 90 29 28 29 90 91 33 92 34 92 33 93 93 94 92 94 93 95 95 96 94 96 95 97 97 95 98 99 36 39 36 99 100 101 102 103 102 101 104 105 103 106 103 105 101 107 106 108 106 107 105 109 108 110 108 109 107 89 110 88 110 89 109 111 112 113 112 111 114 115 112 114 112 115 116 116 115 117 116 117 118 116 118 119 120 121 122 121 120 123 121 123 124 125 116 119 116 125 126 126 125 124 126 124 123 127 123 128 123 127 126 129 128 130 128 129 127 131 130 132 130 131 129 133 132 134 132 133 131 135 134 136 134 135 133 137 136 138 136 137 135 137 139 140 139 137 138 140 141 142 141 140 139 142 143 144 143 142 141 144 145 146 145 144 143 146 147 148 147 146 145 148 102 104 102 148 147 149 90 150 90 149 91 98 151 97 151 98 152 151 153 154 153 151 152 155 156 157 156 155 154 156 154 153 157 158 159 158 157 156 159 160 161 160 159 158 162 163 164 163 162 160 160 162 161 164 165 166 165 164 163 166 167 168 167 166 165 169 170 171 170 169 167 167 169 168 120 172 173 172 120 174 174 120 175 175 120 176 176 120 122 173 177 178 177 173 172 179 180 181 180 179 150 150 179 149 171 182 183 182 171 170 182 181 183 181 182 179</p>
                </triangles>
            </mesh>
        </geometry>
        <geometry id="ID43">
            <mesh>
                <source id="ID44">
                    <float_array id="ID47" count="144">36.8907136563794 36.8907136563794 31.49606299212599 38.42166976431241 34.8955328118149 2.096101070492296e-013 38.42166976431241 34.8955328118149 31.49606299212599 36.8907136563794 36.8907136563794 2.096101070492296e-013 39.38406900688284 32.57209550798377 2.096101070492296e-013 39.38406900688284 32.57209550798377 31.49606299212599 34.89553281181492 38.4216697643124 2.096101070492296e-013 34.89553281181492 38.4216697643124 31.49606299212599 39.71232546614952 30.07874015748033 2.096101070492296e-013 39.71232546614952 30.07874015748033 31.49606299212599 32.57209550798376 39.38406900688285 2.096101070492296e-013 32.57209550798376 39.38406900688285 31.49606299212599 39.38406900688284 27.58538480697685 2.096101070492296e-013 39.38406900688284 27.58538480697685 31.49606299212599 30.07874015748031 39.71232546614952 2.096101070492296e-013 30.07874015748031 39.71232546614952 31.49606299212599 38.4216697643124 25.26194750314571 2.096101070492296e-013 38.4216697643124 25.26194750314571 31.49606299212599 27.58538480697688 39.38406900688285 2.096101070492296e-013 27.58538480697688 39.38406900688285 31.49606299212599 36.89071365637943 23.26676665858124 2.096101070492296e-013 36.89071365637943 23.26676665858124 31.49606299212599 25.26194750314573 38.42166976431241 2.096101070492296e-013 25.26194750314573 38.42166976431241 31.49606299212599 34.89553281181489 21.73581055064821 31.49606299212599 34.89553281181489 21.73581055064821 2.096101070492296e-013 23.26676665858121 36.89071365637941 2.096101070492296e-013 23.26676665858121 36.89071365637941 31.49606299212599 32.57209550798373 20.77341130807778 31.49606299212599 32.57209550798373 20.77341130807778 2.096101070492296e-013 21.73581055064823 34.89553281181493 31.49606299212599 21.73581055064823 34.89553281181493 2.096101070492296e-013 30.07874015748033 20.44515484881111 31.49606299212599 30.07874015748033 20.44515484881111 2.096101070492296e-013 20.77341130807778 32.57209550798376 31.49606299212599 20.77341130807778 32.57209550798376 2.096101070492296e-013 27.58538480697684 20.77341130807779 31.49606299212599 27.58538480697684 20.77341130807779 2.096101070492296e-013 20.44515484881111 30.07874015748034 31.49606299212599 20.44515484881111 30.07874015748034 2.096101070492296e-013 25.26194750314568 21.73581055064824 31.49606299212599 25.26194750314568 21.73581055064824 2.096101070492296e-013 20.77341130807778 27.58538480697687 31.49606299212599 20.77341130807778 27.58538480697687 2.096101070492296e-013 23.2667666585812 23.26676665858123 31.49606299212599 23.2667666585812 23.26676665858123 2.096101070492296e-013 21.73581055064823 25.26194750314571 31.49606299212599 21.73581055064823 25.26194750314571 2.096101070492296e-013</float_array>
                    <technique_common>
                        <accessor count="48" source="#ID47" stride="3">
                            <param name="X" type="float" />
                            <param name="Y" type="float" />
                            <param name="Z" type="float" />
                        </accessor>
                    </technique_common>
                </source>
                <source id="ID45">
                    <float_array id="ID48" count="144">-0.7071067811865485 -0.7071067811865467 0 -0.8660254037844388 -0.4999999999999999 0 -0.8660254037844388 -0.4999999999999999 0 -0.7071067811865485 -0.7071067811865467 0 -0.9659258262890684 -0.2588190451025206 0 -0.9659258262890684 -0.2588190451025206 0 -0.5000000000000014 -0.8660254037844378 0 -0.5000000000000014 -0.8660254037844378 0 -1 -1.096066517164569e-015 0 -1 -1.096066517164569e-015 0 -0.2588190451025221 -0.9659258262890679 0 -0.2588190451025221 -0.9659258262890679 0 -0.9659258262890684 0.2588190451025206 0 -0.9659258262890684 0.2588190451025206 0 -1.274288715077507e-015 -1 0 -1.274288715077507e-015 -1 0 -0.8660254037844386 0.5000000000000003 0 -0.8660254037844386 0.5000000000000003 0 0.2588190451025205 -0.9659258262890684 0 0.2588190451025205 -0.9659258262890684 0 -0.7071067811865475 0.7071067811865476 0 -0.7071067811865475 0.7071067811865476 0 0.4999999999999998 -0.8660254037844388 0 0.4999999999999998 -0.8660254037844388 0 -0.4999999999999989 0.8660254037844394 0 -0.4999999999999989 0.8660254037844394 0 0.7071067811865468 -0.7071067811865484 0 0.7071067811865468 -0.7071067811865484 0 -0.2588190451025196 0.9659258262890685 0 -0.2588190451025196 0.9659258262890685 0 0.8660254037844385 -0.5000000000000002 0 0.8660254037844385 -0.5000000000000002 0 3.564443958258763e-017 1 0 3.564443958258763e-017 1 0 0.9659258262890682 -0.2588190451025211 0 0.9659258262890682 -0.2588190451025211 0 0.2588190451025221 0.9659258262890679 0 0.2588190451025221 0.9659258262890679 0 1 -6.148665827996365e-016 0 1 -6.148665827996365e-016 0 0.5000000000000023 0.8660254037844373 0 0.5000000000000023 0.8660254037844373 0 0.9659258262890682 0.2588190451025209 0 0.9659258262890682 0.2588190451025209 0 0.7071067811865492 0.7071067811865458 0 0.7071067811865492 0.7071067811865458 0 0.8660254037844394 0.4999999999999989 0 0.8660254037844394 0.4999999999999989 0</float_array>
                    <technique_common>
                        <accessor count="48" source="#ID48" stride="3">
                            <param name="X" type="float" />
                            <param name="Y" type="float" />
                            <param name="Z" type="float" />
                        </accessor>
                    </technique_common>
                </source>
                <vertices id="ID46">
                    <input semantic="POSITION" source="#ID44" />
                    <input semantic="NORMAL" source="#ID45" />
                </vertices>
                <triangles count="48" material="Material2">
                    <input offset="0" semantic="VERTEX" source="#ID46" />
                    <p>0 1 2 1 0 3 2 4 5 4 2 1 0 6 3 6 0 7 5 8 9 8 5 4 7 10 6 10 7 11 9 12 13 12 9 8 11 14 10 14 11 15 13 16 17 16 13 12 15 18 14 18 15 19 17 20 21 20 17 16 19 22 18 22 19 23 24 20 25 20 24 21 23 26 22 26 23 27 28 25 29 25 28 24 26 30 31 30 26 27 32 29 33 29 32 28 31 34 35 34 31 30 36 33 37 33 36 32 35 38 39 38 35 34 40 37 41 37 40 36 39 42 43 42 39 38 44 41 45 41 44 40 43 46 47 46 43 42 47 44 45 44 47 46</p>
                </triangles>
            </mesh>
        </geometry>
        <geometry id="ID49">
            <mesh>
                <source id="ID50">
                    <float_array id="ID53" count="72">502.1653543307086 14.86730982221939 11.67214102200914 502.1653543307086 14.86730982221939 19.82392197012004 502.1653543307086 14.33070866141732 15.74803149606458 502.1653543307086 16.44054482229229 7.874015748033099 502.1653543307086 16.4405448222923 23.62204724409608 502.1653543307086 18.94320029627483 4.612491634859111 502.1653543307085 18.94320029627484 26.88357135727005 502.1653543307086 22.2047244094488 2.109836160876582 502.1653543307085 22.20472440944882 29.3862268312526 502.1653543307086 26.00284968342485 0.53660116080367 502.1653543307085 26.00284968342487 30.95946183132551 502.1653543307086 30.07874015748031 1.591615728102624e-012 502.1653543307085 30.07874015748031 31.49606299212757 502.1653543307086 34.15463063153575 0.53660116080367 502.1653543307085 34.15463063153575 30.9594618313255 502.1653543307086 37.95275590551181 2.109836160876568 502.1653543307085 37.95275590551181 29.3862268312526 502.1653543307086 41.21428001868578 4.612491634859111 502.1653543307085 41.21428001868578 26.88357135727005 502.1653543307086 43.71693549266831 7.874015748033084 502.1653543307086 43.71693549266833 23.62204724409608 502.1653543307086 45.29017049274123 11.67214102200913 502.1653543307086 45.29017049274123 19.82392197012003 502.1653543307086 45.8267716535433 15.74803149606458</float_array>
                    <technique_common>
                        <accessor count="24" source="#ID53" stride="3">
                            <param name="X" type="float" />
                            <param name="Y" type="float" />
                            <param name="Z" type="float" />
                        </accessor>
                    </technique_common>
                </source>
                <source id="ID51">
                    <float_array id="ID54" count="72">1 0 3.469446951953614e-015 1 0 3.469446951953614e-015 1 0 3.469446951953614e-015 1 0 3.469446951953614e-015 1 0 3.469446951953614e-015 1 0 3.469446951953614e-015 1 0 3.469446951953614e-015 1 0 3.469446951953614e-015 1 0 3.469446951953614e-015 1 0 3.469446951953614e-015 1 0 3.469446951953614e-015 1 0 3.469446951953614e-015 1 0 3.469446951953614e-015 1 0 3.469446951953614e-015 1 0 3.469446951953614e-015 1 0 3.469446951953614e-015 1 0 3.469446951953614e-015 1 0 3.469446951953614e-015 1 0 3.469446951953614e-015 1 0 3.469446951953614e-015 1 0 3.469446951953614e-015 1 0 3.469446951953614e-015 1 0 3.469446951953614e-015 1 0 3.469446951953614e-015</float_array>
                    <technique_common>
                        <accessor count="24" source="#ID54" stride="3">
                            <param name="X" type="float" />
                            <param name="Y" type="float" />
                            <param name="Z" type="float" />
                        </accessor>
                    </technique_common>
                </source>
                <vertices id="ID52">
                    <input semantic="POSITION" source="#ID50" />
                    <input semantic="NORMAL" source="#ID51" />
                </vertices>
                <triangles count="22" material="Material2">
                    <input offset="0" semantic="VERTEX" source="#ID52" />
                    <p>0 1 2 1 0 3 1 3 4 4 3 5 4 5 6 6 5 7 6 7 8 8 7 9 8 9 10 10 9 11 10 11 12 12 11 13 12 13 14 14 13 15 14 15 16 16 15 17 16 17 18 18 17 19 18 19 20 20 19 21 20 21 22 22 21 23</p>
                </triangles>
            </mesh>
        </geometry>
    </library_geometries>
    <library_materials>
        <material id="ID6" name="material_1">
            <instance_effect url="#ID7" />
        </material>
        <material id="ID23" name="material">
            <instance_effect url="#ID22" />
        </material>
        <material id="ID36" name="material_3">
            <instance_effect url="#ID37" />
        </material>
    </library_materials>
    <library_effects>
        <effect id="ID7">
            <profile_COMMON>
                <technique sid="COMMON">
                    <lambert>
                        <diffuse>
                            <color>1 0 0 1</color>
                        </diffuse>
                    </lambert>
                </technique>
            </profile_COMMON>
        </effect>
        <effect id="ID22">
            <profile_COMMON>
                <technique sid="COMMON">
                    <lambert>
                        <diffuse>
                            <color>1 1 1 1</color>
                        </diffuse>
                    </lambert>
                </technique>
            </profile_COMMON>
        </effect>
        <effect id="ID37">
            <profile_COMMON>
                <technique sid="COMMON">
                    <lambert>
                        <diffuse>
                            <color>0.8 0.8 0.8 1</color>
                        </diffuse>
                    </lambert>
                </technique>
            </profile_COMMON>
        </effect>
    </library_effects>
    <scene>
        <instance_visual_scene url="#ID1" />
    </scene>
</COLLADA>
