####
#
# OBJ File Generated by Meshlab
#
####
# Object rod.obj
#
# Vertices: 1186
# Faces: 1176
#
####
vn 0.000010 171.261597 -54.040524
v 0.008497 0.497067 -0.031711
vn 0.000007 159.312653 -82.887802
v 0.016415 0.469156 -0.028432
vn 0.000012 175.337143 -38.830330
v 0.008497 0.469156 -0.031711
vn 0.000005 151.439270 -96.524879
v 0.016415 0.497067 -0.028432
vn -0.000005 -151.439270 96.524879
v 0.016415 0.497067 -0.028432
vn -0.000010 -171.261597 54.040524
v 0.008497 0.497067 -0.031711
vn -0.000007 -159.312653 82.887802
v 0.016415 0.469156 -0.028432
vn -0.000012 -175.337143 38.830330
v 0.008497 0.469156 -0.031711
vn -12.457052 0.000001 0.000001
v 0.008497 0.469156 -0.031711
vn -12.457053 0.000001 0.000001
v -0.008497 0.469156 -0.031711
vn -4.793918 0.000000 0.000000
v -0.000000 0.469156 -0.032830
vn -7.522124 0.000001 0.000001
v -0.000000 0.469156 -0.031360
vn -9.166526 0.000001 0.000001
v 0.008117 0.469156 -0.030292
vn -9.307539 0.000001 0.000001
v 0.016415 0.469156 -0.028432
vn -9.166533 0.000001 0.000001
v 0.015680 0.469156 -0.027159
vn -9.307550 0.000001 0.000001
v 0.023214 0.469156 -0.023214
vn -9.166540 0.000001 0.000001
v 0.022175 0.469156 -0.022175
vn -9.307547 0.000001 0.000001
v 0.028432 0.469156 -0.016415
vn -9.166533 0.000001 0.000001
v 0.027159 0.469156 -0.015680
vn -9.307551 0.000001 0.000001
v 0.031711 0.469156 -0.008497
vn -9.166553 0.000001 0.000001
v 0.030292 0.469156 -0.008117
vn -9.307570 0.000001 0.000001
v 0.032830 0.469156 0.000000
vn -9.166557 0.000001 0.000001
v 0.031360 0.469156 0.000000
vn -12.316070 0.000001 0.000001
v 0.031711 0.469156 0.008497
vn -6.017024 0.000001 0.000001
v 0.030292 0.469156 0.008117
vn -9.166534 0.000001 0.000001
v 0.027159 0.469156 0.015680
vn -9.307549 0.000001 0.000001
v 0.028432 0.469156 0.016415
vn -9.166545 0.000001 0.000001
v 0.022175 0.469156 0.022175
vn -9.307556 0.000001 0.000001
v 0.023214 0.469156 0.023214
vn -9.166536 0.000001 0.000001
v 0.015680 0.469156 0.027159
vn -9.307546 0.000001 0.000001
v 0.016415 0.469156 0.028432
vn -9.166540 0.000001 0.000001
v 0.008117 0.469156 0.030292
vn -12.457092 0.000001 0.000001
v 0.008497 0.469156 0.031712
vn -7.522163 0.000001 0.000001
v 0.000000 0.469156 0.031360
vn -9.166526 0.000001 0.000001
v -0.008117 0.469156 -0.030292
vn -9.307537 0.000001 0.000001
v -0.016415 0.469156 -0.028432
vn -9.166532 0.000001 0.000001
v -0.015680 0.469156 -0.027159
vn -9.307546 0.000001 0.000001
v -0.023214 0.469156 -0.023214
vn -9.166534 0.000001 0.000001
v -0.022175 0.469156 -0.022175
vn -9.307542 0.000001 0.000001
v -0.028432 0.469156 -0.016415
vn -9.166526 0.000001 0.000001
v -0.027159 0.469156 -0.015680
vn -9.307536 0.000001 0.000001
v -0.031711 0.469156 -0.008497
vn -9.166526 0.000001 0.000001
v -0.030292 0.469156 -0.008117
vn -12.316042 0.000001 0.000001
v -0.032830 0.469156 0.000000
vn -6.017012 0.000001 0.000001
v -0.031360 0.469156 0.000000
vn -9.166525 0.000001 0.000001
v -0.030292 0.469156 0.008117
vn -9.307536 0.000001 0.000001
v -0.031711 0.469156 0.008497
vn -9.166526 0.000001 0.000001
v -0.027159 0.469156 0.015680
vn -9.307543 0.000001 0.000001
v -0.028432 0.469156 0.016415
vn -9.166539 0.000001 0.000001
v -0.022175 0.469156 0.022175
vn -9.307552 0.000001 0.000001
v -0.023214 0.469156 0.023214
vn -9.166536 0.000001 0.000001
v -0.015680 0.469156 0.027159
vn -9.307546 0.000001 0.000001
v -0.016415 0.469156 0.028432
vn -9.166540 0.000001 0.000001
v -0.008117 0.469156 0.030292
vn -12.457092 0.000001 0.000001
v -0.008497 0.469156 0.031712
vn -4.793918 0.000000 0.000000
v 0.000000 0.469156 0.032830
vn 4.793918 -0.000000 -0.000000
v 0.000000 0.469156 0.032830
vn 12.457092 -0.000001 -0.000001
v 0.008497 0.469156 0.031712
vn 12.457092 -0.000001 -0.000001
v -0.008497 0.469156 0.031712
vn 7.522163 -0.000001 -0.000001
v 0.000000 0.469156 0.031360
vn 9.166540 -0.000001 -0.000001
v -0.008117 0.469156 0.030292
vn 9.307545 -0.000001 -0.000001
v -0.016415 0.469156 0.028432
vn 9.166535 -0.000001 -0.000001
v -0.015680 0.469156 0.027159
vn 9.307552 -0.000001 -0.000001
v -0.023214 0.469156 0.023214
vn 9.166538 -0.000001 -0.000001
v -0.022175 0.469156 0.022175
vn 9.307543 -0.000001 -0.000001
v -0.028432 0.469156 0.016415
vn 9.166526 -0.000001 -0.000001
v -0.027159 0.469156 0.015680
vn 9.307537 -0.000001 -0.000001
v -0.031711 0.469156 0.008497
vn 9.166525 -0.000001 -0.000001
v -0.030292 0.469156 0.008117
vn 12.316042 -0.000001 -0.000001
v -0.032830 0.469156 0.000000
vn 6.017012 -0.000001 -0.000001
v -0.031360 0.469156 0.000000
vn 9.166527 -0.000001 -0.000001
v -0.030292 0.469156 -0.008117
vn 9.307537 -0.000001 -0.000001
v -0.031711 0.469156 -0.008497
vn 9.166526 -0.000001 -0.000001
v -0.027159 0.469156 -0.015680
vn 9.307542 -0.000001 -0.000001
v -0.028432 0.469156 -0.016415
vn 9.166534 -0.000001 -0.000001
v -0.022175 0.469156 -0.022175
vn 9.307546 -0.000001 -0.000001
v -0.023214 0.469156 -0.023214
vn 9.166532 -0.000001 -0.000001
v -0.015680 0.469156 -0.027159
vn 9.307537 -0.000001 -0.000001
v -0.016415 0.469156 -0.028432
vn 9.166525 -0.000001 -0.000001
v -0.008117 0.469156 -0.030292
vn 7.522124 -0.000001 -0.000001
v -0.000000 0.469156 -0.031360
vn 12.457054 -0.000001 -0.000001
v -0.008497 0.469156 -0.031711
vn 9.166540 -0.000001 -0.000001
v 0.008117 0.469156 0.030292
vn 9.307546 -0.000001 -0.000001
v 0.016415 0.469156 0.028432
vn 9.166537 -0.000001 -0.000001
v 0.015680 0.469156 0.027159
vn 9.307557 -0.000001 -0.000001
v 0.023214 0.469156 0.023214
vn 9.166546 -0.000001 -0.000001
v 0.022175 0.469156 0.022175
vn 9.307549 -0.000001 -0.000001
v 0.028432 0.469156 0.016415
vn 9.166534 -0.000001 -0.000001
v 0.027159 0.469156 0.015680
vn 12.316070 -0.000001 -0.000001
v 0.031711 0.469156 0.008497
vn 6.017024 -0.000001 -0.000001
v 0.030292 0.469156 0.008117
vn 9.166557 -0.000001 -0.000001
v 0.031360 0.469156 0.000000
vn 9.307570 -0.000001 -0.000001
v 0.032830 0.469156 0.000000
vn 9.166553 -0.000001 -0.000001
v 0.030292 0.469156 -0.008117
vn 9.307551 -0.000001 -0.000001
v 0.031711 0.469156 -0.008497
vn 9.166533 -0.000001 -0.000001
v 0.027159 0.469156 -0.015680
vn 9.307547 -0.000001 -0.000001
v 0.028432 0.469156 -0.016415
vn 9.166540 -0.000001 -0.000001
v 0.022175 0.469156 -0.022175
vn 9.307550 -0.000001 -0.000001
v 0.023214 0.469156 -0.023214
vn 9.166533 -0.000001 -0.000001
v 0.015680 0.469156 -0.027159
vn 9.307537 -0.000001 -0.000001
v 0.016415 0.469156 -0.028432
vn 9.166525 -0.000001 -0.000001
v 0.008117 0.469156 -0.030292
vn 12.457052 -0.000001 -0.000001
v 0.008497 0.469156 -0.031711
vn 4.793918 -0.000000 -0.000000
v -0.000000 0.469156 -0.032830
vn 0.000015 179.412704 -7.873381
v -0.000000 0.497067 -0.032830
vn 0.000016 179.412735 7.873381
v -0.000000 0.469156 -0.032830
vn -0.000015 -179.412704 7.873381
v -0.000000 0.497067 -0.032830
vn -0.000016 -179.412735 -7.873381
v -0.000000 0.469156 -0.032830
vn 12.457052 -0.000001 -0.000001
v -0.008497 0.497067 -0.031711
vn 12.457052 -0.000001 -0.000001
v 0.008497 0.497067 -0.031711
vn 4.793918 -0.000000 -0.000000
v -0.000000 0.497067 -0.032830
vn 7.522123 -0.000001 -0.000001
v -0.000000 0.497067 -0.031360
vn 9.166526 -0.000001 -0.000001
v -0.008117 0.497067 -0.030292
vn 9.307537 -0.000001 -0.000001
v -0.016415 0.497067 -0.028432
vn 9.166532 -0.000001 -0.000001
v -0.015680 0.497067 -0.027159
vn 9.307546 -0.000001 -0.000001
v -0.023214 0.497067 -0.023214
vn 9.166534 -0.000001 -0.000001
v -0.022175 0.497067 -0.022175
vn 9.307543 -0.000001 -0.000001
v -0.028432 0.497067 -0.016415
vn 9.166527 -0.000001 -0.000001
v -0.027159 0.497067 -0.015680
vn 9.307537 -0.000001 -0.000001
v -0.031711 0.497067 -0.008497
vn 9.166527 -0.000001 -0.000001
v -0.030292 0.497067 -0.008117
vn 12.316042 -0.000001 -0.000001
v -0.032830 0.497067 0.000000
vn 6.017012 -0.000001 -0.000001
v -0.031360 0.497067 0.000000
vn 9.166524 -0.000001 -0.000001
v -0.030292 0.497067 0.008117
vn 9.307536 -0.000001 -0.000001
v -0.031711 0.497067 0.008497
vn 9.166526 -0.000001 -0.000001
v -0.027159 0.497067 0.015680
vn 9.307543 -0.000001 -0.000001
v -0.028432 0.497067 0.016415
vn 9.166539 -0.000001 -0.000001
v -0.022175 0.497067 0.022175
vn 9.307552 -0.000001 -0.000001
v -0.023214 0.497067 0.023214
vn 9.166535 -0.000001 -0.000001
v -0.015680 0.497067 0.027159
vn 9.307545 -0.000001 -0.000001
v -0.016415 0.497067 0.028432
vn 9.166541 -0.000001 -0.000001
v -0.008117 0.497067 0.030292
vn 12.457092 -0.000001 -0.000001
v -0.008497 0.497067 0.031712
vn 7.522163 -0.000001 -0.000001
v 0.000000 0.497067 0.031360
vn 9.166525 -0.000001 -0.000001
v 0.008117 0.497067 -0.030292
vn 9.307538 -0.000001 -0.000001
v 0.016415 0.497067 -0.028432
vn 9.166533 -0.000001 -0.000001
v 0.015680 0.497067 -0.027159
vn 9.307550 -0.000001 -0.000001
v 0.023214 0.497067 -0.023214
vn 9.166540 -0.000001 -0.000001
v 0.022175 0.497067 -0.022175
vn 9.307547 -0.000001 -0.000001
v 0.028432 0.497067 -0.016415
vn 9.166533 -0.000001 -0.000001
v 0.027159 0.497067 -0.015680
vn 9.307551 -0.000001 -0.000001
v 0.031711 0.497067 -0.008497
vn 9.166553 -0.000001 -0.000001
v 0.030292 0.497067 -0.008117
vn 9.307570 -0.000001 -0.000001
v 0.032830 0.497067 0.000000
vn 9.166557 -0.000001 -0.000001
v 0.031360 0.497067 0.000000
vn 12.316069 -0.000001 -0.000001
v 0.031711 0.497067 0.008497
vn 6.017024 -0.000001 -0.000001
v 0.030292 0.497067 0.008117
vn 9.166534 -0.000001 -0.000001
v 0.027159 0.497067 0.015680
vn 9.307547 -0.000001 -0.000001
v 0.028432 0.497067 0.016415
vn 9.166544 -0.000001 -0.000001
v 0.022175 0.497067 0.022175
vn 9.307556 -0.000001 -0.000001
v 0.023214 0.497067 0.023214
vn 9.166536 -0.000001 -0.000001
v 0.015680 0.497067 0.027159
vn 9.307546 -0.000001 -0.000001
v 0.016415 0.497067 0.028432
vn 9.166540 -0.000001 -0.000001
v 0.008117 0.497067 0.030292
vn 12.457092 -0.000001 -0.000001
v 0.008497 0.497067 0.031712
vn 4.793918 -0.000000 -0.000000
v 0.000000 0.497067 0.032830
vn -4.793918 0.000000 0.000000
v 0.000000 0.497067 0.032830
vn -12.457092 0.000001 0.000001
v -0.008497 0.497067 0.031712
vn -12.457092 0.000001 0.000001
v 0.008497 0.497067 0.031712
vn -7.522163 0.000001 0.000001
v 0.000000 0.497067 0.031360
vn -9.166540 0.000001 0.000001
v 0.008117 0.497067 0.030292
vn -9.307546 0.000001 0.000001
v 0.016415 0.497067 0.028432
vn -9.166537 0.000001 0.000001
v 0.015680 0.497067 0.027159
vn -9.307557 0.000001 0.000001
v 0.023214 0.497067 0.023214
vn -9.166546 0.000001 0.000001
v 0.022175 0.497067 0.022175
vn -9.307549 0.000001 0.000001
v 0.028432 0.497067 0.016415
vn -9.166534 0.000001 0.000001
v 0.027159 0.497067 0.015680
vn -12.316070 0.000001 0.000001
v 0.031711 0.497067 0.008497
vn -6.017024 0.000001 0.000001
v 0.030292 0.497067 0.008117
vn -9.166557 0.000001 0.000001
v 0.031360 0.497067 0.000000
vn -9.307570 0.000001 0.000001
v 0.032830 0.497067 0.000000
vn -9.166553 0.000001 0.000001
v 0.030292 0.497067 -0.008117
vn -9.307551 0.000001 0.000001
v 0.031711 0.497067 -0.008497
vn -9.166533 0.000001 0.000001
v 0.027159 0.497067 -0.015680
vn -9.307547 0.000001 0.000001
v 0.028432 0.497067 -0.016415
vn -9.166540 0.000001 0.000001
v 0.022175 0.497067 -0.022175
vn -9.307550 0.000001 0.000001
v 0.023214 0.497067 -0.023214
vn -9.166533 0.000001 0.000001
v 0.015680 0.497067 -0.027159
vn -9.307537 0.000001 0.000001
v 0.016415 0.497067 -0.028432
vn -9.166526 0.000001 0.000001
v 0.008117 0.497067 -0.030292
vn -7.522124 0.000001 0.000001
v -0.000000 0.497067 -0.031360
vn -12.457052 0.000001 0.000001
v 0.008497 0.497067 -0.031711
vn -9.166540 0.000001 0.000001
v -0.008117 0.497067 0.030292
vn -9.307545 0.000001 0.000001
v -0.016415 0.497067 0.028432
vn -9.166535 0.000001 0.000001
v -0.015680 0.497067 0.027159
vn -9.307552 0.000001 0.000001
v -0.023214 0.497067 0.023214
vn -9.166538 0.000001 0.000001
v -0.022175 0.497067 0.022175
vn -9.307543 0.000001 0.000001
v -0.028432 0.497067 0.016415
vn -9.166526 0.000001 0.000001
v -0.027159 0.497067 0.015680
vn -9.307537 0.000001 0.000001
v -0.031711 0.497067 0.008497
vn -9.166525 0.000001 0.000001
v -0.030292 0.497067 0.008117
vn -12.316042 0.000001 0.000001
v -0.032830 0.497067 0.000000
vn -6.017012 0.000001 0.000001
v -0.031360 0.497067 0.000000
vn -9.166527 0.000001 0.000001
v -0.030292 0.497067 -0.008117
vn -9.307537 0.000001 0.000001
v -0.031711 0.497067 -0.008497
vn -9.166526 0.000001 0.000001
v -0.027159 0.497067 -0.015680
vn -9.307542 0.000001 0.000001
v -0.028432 0.497067 -0.016415
vn -9.166534 0.000001 0.000001
v -0.022175 0.497067 -0.022175
vn -9.307546 0.000001 0.000001
v -0.023214 0.497067 -0.023214
vn -9.166532 0.000001 0.000001
v -0.015680 0.497067 -0.027159
vn -9.307537 0.000001 0.000001
v -0.016415 0.497067 -0.028432
vn -9.166526 0.000001 0.000001
v -0.008117 0.497067 -0.030292
vn -12.457054 0.000001 0.000001
v -0.008497 0.497067 -0.031711
vn -4.793918 0.000000 0.000000
v -0.000000 0.497067 -0.032830
vn 0.000001 132.431259 -121.296631
v 0.023214 0.469156 -0.023214
vn -0.000001 121.296646 -132.431274
v 0.023214 0.497067 -0.023214
vn 0.000001 -121.296646 132.431274
v 0.023214 0.497067 -0.023214
vn -0.000001 -132.431259 121.296631
v 0.023214 0.469156 -0.023214
vn -0.000010 -171.261597 54.040550
v -0.008497 0.469156 0.031712
vn -0.000007 -159.312637 82.887840
v -0.016415 0.497067 0.028432
vn -0.000005 -151.439285 96.524918
v -0.016415 0.469156 0.028432
vn -0.000012 -175.337173 38.830341
v -0.008497 0.497067 0.031712
vn 0.000012 175.337173 -38.830341
v -0.008497 0.497067 0.031712
vn 0.000010 171.261597 -54.040550
v -0.008497 0.469156 0.031712
vn 0.000007 159.312637 -82.887840
v -0.016415 0.497067 0.028432
vn 0.000005 151.439285 -96.524918
v -0.016415 0.469156 0.028432
vn -0.000000 -169.151947 169.151947
v -0.023214 0.497067 0.023214
vn -0.000000 -84.575974 84.575974
v -0.023214 0.469156 0.023214
vn 0.000000 169.151947 -169.151947
v -0.023214 0.497067 0.023214
vn 0.000000 84.575974 -84.575974
v -0.023214 0.469156 0.023214
vn 0.000005 -96.524879 151.439270
v -0.028432 0.469156 0.016415
vn 0.000007 -82.887802 159.312653
v -0.028432 0.497067 0.016415
vn -0.000007 82.887802 -159.312653
v -0.028432 0.497067 0.016415
vn -0.000005 96.524879 -151.439270
v -0.028432 0.469156 0.016415
vn 0.000010 -54.040524 171.261597
v -0.031711 0.469156 0.008497
vn 0.000012 -38.830330 175.337143
v -0.031711 0.497067 0.008497
vn -0.000012 38.830330 -175.337143
v -0.031711 0.497067 0.008497
vn -0.000010 54.040524 -171.261597
v -0.031711 0.469156 0.008497
vn 0.000015 -7.873381 179.412704
v -0.032830 0.469156 0.000000
vn 0.000016 7.873381 179.412735
v -0.032830 0.497067 0.000000
vn -0.000016 -7.873381 -179.412735
v -0.032830 0.497067 0.000000
vn -0.000015 7.873381 -179.412704
v -0.032830 0.469156 0.000000
vn 0.000019 38.830330 175.337189
v -0.031711 0.469156 -0.008497
vn 0.000020 54.040524 171.261597
v -0.031711 0.497067 -0.008497
vn -0.000020 -54.040524 -171.261597
v -0.031711 0.497067 -0.008497
vn -0.000019 -38.830330 -175.337189
v -0.031711 0.469156 -0.008497
vn 0.000021 82.887802 159.312637
v -0.028432 0.469156 -0.016415
vn 0.000022 96.524879 151.439285
v -0.028432 0.497067 -0.016415
vn -0.000022 -96.524879 -151.439285
v -0.028432 0.497067 -0.016415
vn -0.000021 -82.887802 -159.312637
v -0.028432 0.469156 -0.016415
vn 0.000022 121.296631 132.431274
v -0.023214 0.469156 -0.023214
vn 0.000022 132.431274 121.296631
v -0.023214 0.497067 -0.023214
vn -0.000022 -132.431274 -121.296631
v -0.023214 0.497067 -0.023214
vn -0.000022 -121.296631 -132.431274
v -0.023214 0.469156 -0.023214
vn 0.000022 151.439285 96.524879
v -0.016415 0.469156 -0.028432
vn 0.000021 159.312637 82.887802
v -0.016415 0.497067 -0.028432
vn -0.000021 -159.312637 -82.887802
v -0.016415 0.497067 -0.028432
vn -0.000022 -151.439285 -96.524879
v -0.016415 0.469156 -0.028432
vn 0.000020 171.261597 54.040524
v -0.008497 0.469156 -0.031711
vn 0.000019 175.337173 38.830330
v -0.008497 0.497067 -0.031711
vn -0.000019 -175.337173 -38.830330
v -0.008497 0.497067 -0.031711
vn -0.000020 -171.261597 -54.040524
v -0.008497 0.469156 -0.031711
vn -0.000005 96.524918 -151.439285
v 0.028432 0.469156 -0.016415
vn -0.000007 82.887840 -159.312637
v 0.028432 0.497067 -0.016415
vn 0.000007 -82.887840 159.312637
v 0.028432 0.497067 -0.016415
vn 0.000005 -96.524918 151.439285
v 0.028432 0.469156 -0.016415
vn -0.000010 54.040550 -171.261597
v 0.031711 0.469156 -0.008497
vn -0.000012 38.830341 -175.337173
v 0.031711 0.497067 -0.008497
vn 0.000012 -38.830341 175.337173
v 0.031711 0.497067 -0.008497
vn 0.000010 -54.040550 171.261597
v 0.031711 0.469156 -0.008497
vn -0.000015 7.873381 -179.412735
v 0.032830 0.469156 0.000000
vn -0.000016 -7.873381 -179.412720
v 0.032830 0.497067 0.000000
vn 0.000016 7.873381 179.412720
v 0.032830 0.497067 0.000000
vn 0.000015 -7.873381 179.412735
v 0.032830 0.469156 0.000000
vn -0.000019 -38.830341 -175.337143
v 0.031711 0.469156 0.008497
vn -0.000020 -54.040550 -171.261597
v 0.031711 0.497067 0.008497
vn 0.000020 54.040550 171.261597
v 0.031711 0.497067 0.008497
vn 0.000019 38.830341 175.337143
v 0.031711 0.469156 0.008497
vn -0.000021 -82.887840 -159.312653
v 0.028432 0.469156 0.016415
vn -0.000022 -96.524918 -151.439270
v 0.028432 0.497067 0.016415
vn 0.000022 96.524918 151.439270
v 0.028432 0.497067 0.016415
vn 0.000021 82.887840 159.312653
v 0.028432 0.469156 0.016415
vn -0.000030 -169.151947 -169.151947
v 0.023214 0.469156 0.023214
vn -0.000015 -84.575974 -84.575974
v 0.023214 0.497067 0.023214
vn 0.000015 84.575974 84.575974
v 0.023214 0.497067 0.023214
vn 0.000030 169.151947 169.151947
v 0.023214 0.469156 0.023214
vn -0.000022 -151.439270 -96.524918
v 0.016415 0.497067 0.028432
vn -0.000021 -159.312653 -82.887840
v 0.016415 0.469156 0.028432
vn 0.000022 151.439270 96.524918
v 0.016415 0.497067 0.028432
vn 0.000021 159.312653 82.887840
v 0.016415 0.469156 0.028432
vn -0.000020 -171.261597 -54.040550
v 0.008497 0.497067 0.031712
vn -0.000019 -175.337143 -38.830341
v 0.008497 0.469156 0.031712
vn 0.000020 171.261597 54.040550
v 0.008497 0.497067 0.031712
vn 0.000019 175.337143 38.830341
v 0.008497 0.469156 0.031712
vn -0.000016 -179.412704 -7.873381
v 0.000000 0.497067 0.032830
vn -0.000015 -179.412735 7.873381
v 0.000000 0.469156 0.032830
vn 0.000016 179.412704 7.873381
v 0.000000 0.497067 0.032830
vn 0.000015 179.412735 -7.873381
v 0.000000 0.469156 0.032830
vn -0.000011 -167.486908 37.091808
v 0.008117 0.469156 -0.030292
vn -0.000014 -171.380005 7.520868
v -0.000000 0.497067 -0.031360
vn -0.000016 -171.380020 -7.520868
v -0.000000 0.469156 -0.031360
vn -0.000010 -163.593857 51.621025
v 0.008117 0.497067 -0.030292
vn 0.000010 163.593857 -51.621025
v 0.008117 0.497067 -0.030292
vn 0.000011 167.486908 -37.091808
v 0.008117 0.469156 -0.030292
vn 0.000014 171.380005 -7.520868
v -0.000000 0.497067 -0.031360
vn 0.000016 171.380020 7.520868
v -0.000000 0.469156 -0.031360
vn -0.000006 -152.179855 79.176743
v 0.015680 0.469156 -0.027159
vn -0.000005 -144.658951 92.203262
v 0.015680 0.497067 -0.027159
vn 0.000005 144.658951 -92.203262
v 0.015680 0.497067 -0.027159
vn 0.000006 152.179855 -79.176743
v 0.015680 0.469156 -0.027159
vn -0.000018 -167.486954 -37.091808
v -0.008117 0.497067 -0.030292
vn -0.000019 -163.593857 -51.621025
v -0.008117 0.469156 -0.030292
vn 0.000018 167.486954 37.091808
v -0.008117 0.497067 -0.030292
vn 0.000019 163.593857 51.621025
v -0.008117 0.469156 -0.030292
vn -0.000000 -161.578613 161.578613
v 0.022175 0.469156 -0.022175
vn -0.000000 -80.789307 80.789307
v 0.022175 0.497067 -0.022175
vn 0.000000 80.789307 -80.789307
v 0.022175 0.497067 -0.022175
vn 0.000000 161.578613 -161.578613
v 0.022175 0.469156 -0.022175
vn -0.000020 -152.179855 -79.176743
v -0.015680 0.497067 -0.027159
vn -0.000021 -144.658997 -92.203262
v -0.015680 0.469156 -0.027159
vn 0.000020 152.179855 79.176743
v -0.015680 0.497067 -0.027159
vn 0.000021 144.658997 92.203262
v -0.015680 0.469156 -0.027159
vn 0.000005 -92.203300 144.658997
v 0.027159 0.497067 -0.015680
vn 0.000006 -79.176735 152.179855
v 0.027159 0.469156 -0.015680
vn -0.000005 92.203300 -144.658997
v 0.027159 0.497067 -0.015680
vn -0.000006 79.176735 -152.179855
v 0.027159 0.469156 -0.015680
vn -0.000028 -161.578629 -161.578613
v -0.022175 0.497067 -0.022175
vn -0.000014 -80.789307 -80.789307
v -0.022175 0.469156 -0.022175
vn 0.000028 161.578629 161.578613
v -0.022175 0.497067 -0.022175
vn 0.000014 80.789307 80.789307
v -0.022175 0.469156 -0.022175
vn 0.000010 -51.620983 163.593842
v 0.030292 0.497067 -0.008117
vn 0.000011 -37.091770 167.486954
v 0.030292 0.469156 -0.008117
vn -0.000010 51.620983 -163.593842
v 0.030292 0.497067 -0.008117
vn -0.000011 37.091770 -167.486954
v 0.030292 0.469156 -0.008117
vn -0.000021 -92.203262 -144.658997
v -0.027159 0.469156 -0.015680
vn -0.000020 -79.176743 -152.179855
v -0.027159 0.497067 -0.015680
vn 0.000020 79.176743 152.179855
v -0.027159 0.497067 -0.015680
vn 0.000021 92.203262 144.658997
v -0.027159 0.469156 -0.015680
vn 0.000014 -7.520854 171.380020
v 0.031360 0.497067 0.000000
vn 0.000016 7.520854 171.379990
v 0.031360 0.469156 0.000000
vn -0.000014 7.520854 -171.380020
v 0.031360 0.497067 0.000000
vn -0.000016 -7.520854 -171.379990
v 0.031360 0.469156 0.000000
vn -0.000019 -51.621025 -163.593842
v -0.030292 0.469156 -0.008117
vn -0.000018 -37.091808 -167.486954
v -0.030292 0.497067 -0.008117
vn 0.000018 37.091808 167.486954
v -0.030292 0.497067 -0.008117
vn 0.000019 51.621025 163.593842
v -0.030292 0.469156 -0.008117
vn 0.000018 37.091770 167.486908
v 0.030292 0.497067 0.008117
vn 0.000019 51.620983 163.593857
v 0.030292 0.469156 0.008117
vn -0.000018 -37.091770 -167.486908
v 0.030292 0.497067 0.008117
vn -0.000019 -51.620983 -163.593857
v 0.030292 0.469156 0.008117
vn -0.000016 -7.520868 -171.380020
v -0.031360 0.469156 0.000000
vn -0.000014 7.520868 -171.379990
v -0.031360 0.497067 0.000000
vn 0.000014 -7.520868 171.379990
v -0.031360 0.497067 0.000000
vn 0.000016 7.520868 171.380020
v -0.031360 0.469156 0.000000
vn 0.000020 79.176743 152.179855
v 0.027159 0.497067 0.015680
vn 0.000021 92.203300 144.658951
v 0.027159 0.469156 0.015680
vn -0.000020 -79.176743 -152.179855
v 0.027159 0.497067 0.015680
vn -0.000021 -92.203300 -144.658951
v 0.027159 0.469156 0.015680
vn -0.000011 37.091808 -167.486908
v -0.030292 0.469156 0.008117
vn -0.000010 51.621025 -163.593857
v -0.030292 0.497067 0.008117
vn 0.000010 -51.621025 163.593857
v -0.030292 0.497067 0.008117
vn 0.000011 -37.091808 167.486908
v -0.030292 0.469156 0.008117
vn 0.000021 115.865936 126.501999
v 0.022175 0.497067 0.022175
vn 0.000021 126.501999 115.865929
v 0.022175 0.469156 0.022175
vn -0.000021 -115.865936 -126.501999
v 0.022175 0.497067 0.022175
vn -0.000021 -126.501999 -115.865929
v 0.022175 0.469156 0.022175
vn -0.000006 79.176743 -152.179855
v -0.027159 0.469156 0.015680
vn -0.000005 92.203262 -144.658951
v -0.027159 0.497067 0.015680
vn 0.000005 -92.203262 144.658951
v -0.027159 0.497067 0.015680
vn 0.000006 -79.176743 152.179855
v -0.027159 0.469156 0.015680
vn 0.000021 144.658951 92.203300
v 0.015680 0.497067 0.027159
vn 0.000020 152.179855 79.176735
v 0.015680 0.469156 0.027159
vn -0.000021 -144.658951 -92.203300
v 0.015680 0.497067 0.027159
vn -0.000020 -152.179855 -79.176735
v 0.015680 0.469156 0.027159
vn -0.000001 115.865906 -126.501999
v -0.022175 0.469156 0.022175
vn 0.000001 126.502022 -115.865929
v -0.022175 0.497067 0.022175
vn -0.000001 -126.502022 115.865929
v -0.022175 0.497067 0.022175
vn 0.000001 -115.865906 126.501999
v -0.022175 0.469156 0.022175
vn 0.000019 163.593857 51.620983
v 0.008117 0.497067 0.030292
vn 0.000018 167.486908 37.091770
v 0.008117 0.469156 0.030292
vn -0.000019 -163.593857 -51.620983
v 0.008117 0.497067 0.030292
vn -0.000018 -167.486908 -37.091770
v 0.008117 0.469156 0.030292
vn 0.000005 144.658997 -92.203300
v -0.015680 0.469156 0.027159
vn 0.000006 152.179855 -79.176735
v -0.015680 0.497067 0.027159
vn -0.000006 -152.179855 79.176735
v -0.015680 0.497067 0.027159
vn -0.000005 -144.658997 92.203300
v -0.015680 0.469156 0.027159
vn 0.000016 171.380005 7.520854
v 0.000000 0.497067 0.031360
vn 0.000014 171.380020 -7.520854
v 0.000000 0.469156 0.031360
vn -0.000016 -171.380005 -7.520854
v 0.000000 0.497067 0.031360
vn -0.000014 -171.380020 7.520854
v 0.000000 0.469156 0.031360
vn 0.000010 163.593842 -51.620983
v -0.008117 0.469156 0.030292
vn 0.000011 167.486954 -37.091770
v -0.008117 0.497067 0.030292
vn -0.000011 -167.486954 37.091770
v -0.008117 0.497067 0.030292
vn -0.000010 -163.593842 51.620983
v -0.008117 0.469156 0.030292
vn 0.000039 0.000000 442.312561
v -0.031360 -0.455605 0.057857
vn 0.000028 0.000000 323.973206
v -0.031360 -0.459286 0.000000
vn 0.000089 0.000000 1016.602478
v -0.031360 -0.470051 0.051873
vn 0.000002 0.000000 26.957127
v -0.031360 -0.458632 0.004965
vn 0.000005 0.000000 58.021912
v -0.031360 -0.456716 0.009592
vn 0.000022 0.000000 246.134247
v -0.031360 -0.453667 0.013565
vn 0.000045 0.000000 517.126343
v -0.031360 -0.440102 0.059898
vn 0.000007 0.000000 81.858704
v -0.031360 -0.449694 0.016614
vn 0.000008 0.000000 96.843208
v -0.031360 -0.445067 0.018530
vn 0.000009 0.000000 101.954086
v -0.031360 -0.440102 0.019184
vn 0.000023 0.000000 261.118652
v -0.031360 -0.435137 0.018530
vn 0.000041 0.000000 466.149414
v -0.031360 -0.424599 0.057857
vn 0.000008 0.000000 96.843185
v -0.031360 -0.430510 0.016614
vn 0.000007 0.000000 81.858665
v -0.031360 -0.426537 0.013565
vn 0.000022 0.000000 246.134277
v -0.031360 -0.423488 0.009592
vn 0.000096 0.000000 1103.335205
v -0.031360 -0.410153 0.051873
vn 0.000005 0.000000 58.021927
v -0.031360 -0.421571 0.004965
vn 0.000028 0.000000 325.688843
v -0.031360 -0.420918 0.000000
vn 0.000073 0.000000 838.345764
v -0.031360 -0.410153 -0.051873
vn 0.000069 0.000000 792.867798
v -0.031360 -0.397748 -0.042354
vn 0.000054 0.000000 612.101685
v -0.031360 -0.397748 0.042354
vn 0.000038 0.000000 437.495148
v -0.031360 -0.388229 -0.029949
vn 0.000025 0.000000 280.947235
v -0.031360 -0.388229 0.029949
vn 0.000013 0.000000 153.126419
v -0.031360 -0.382245 -0.015503
vn 0.000005 0.000000 62.743439
v -0.031360 -0.382245 0.015503
vn 0.000001 0.000000 15.957752
v -0.031360 -0.380204 0.000000
vn 0.000013 0.000000 153.126389
v -0.031360 -0.497959 0.015503
vn 0.000005 0.000000 62.743408
v -0.031360 -0.497959 -0.015503
vn 0.000001 0.000000 15.957723
v -0.031360 -0.500000 -0.000000
vn 0.000025 0.000000 280.947205
v -0.031360 -0.491975 -0.029949
vn 0.000038 0.000000 437.495178
v -0.031360 -0.491975 0.029949
vn 0.000054 0.000000 612.101685
v -0.031360 -0.482456 -0.042354
vn 0.000069 0.000000 792.867920
v -0.031360 -0.482456 0.042354
vn 0.000085 0.000000 967.474487
v -0.031360 -0.470051 -0.051873
vn 0.000063 0.000000 723.942749
v -0.031360 -0.455605 -0.057857
vn 0.000002 0.000000 26.957127
v -0.031360 -0.458632 -0.004965
vn 0.000005 0.000000 58.021919
v -0.031360 -0.456716 -0.009592
vn 0.000022 0.000000 246.134247
v -0.031360 -0.453667 -0.013565
vn 0.000041 0.000000 466.149353
v -0.031360 -0.440102 -0.059898
vn 0.000007 0.000000 81.858681
v -0.031360 -0.449694 -0.016614
vn 0.000008 0.000000 96.843185
v -0.031360 -0.445067 -0.018530
vn 0.000023 0.000000 261.118591
v -0.031360 -0.440102 -0.019184
vn 0.000045 0.000000 517.126343
v -0.031360 -0.424599 -0.057857
vn 0.000009 0.000000 101.954124
v -0.031360 -0.435137 -0.018530
vn 0.000008 0.000000 96.843185
v -0.031360 -0.430510 -0.016614
vn 0.000007 0.000000 81.858658
v -0.031360 -0.426537 -0.013565
vn 0.000022 0.000000 246.134247
v -0.031360 -0.423488 -0.009592
vn 0.000005 0.000000 58.021919
v -0.031360 -0.421571 -0.004965
vn 0.000012 144.092865 -6.470691
v -0.000000 -0.389312 -0.031360
vn 0.000010 142.421631 -31.691544
v 0.008117 -0.412505 -0.030292
vn 0.000013 144.092865 6.470691
v -0.000000 -0.412505 -0.031360
vn 0.000007 100.460632 -27.724329
v 0.008117 -0.388492 -0.030292
vn 0.000010 101.630386 14.795264
v -0.008117 -0.388492 -0.030292
vn 0.000020 143.661758 45.618828
v -0.008117 -0.412505 -0.030292
vn 5.776860 4.432723 -0.000001
v -0.008117 -0.388492 -0.030292
vn 7.322410 5.618662 -0.000001
v 0.008117 -0.388492 -0.030292
vn 4.374256 3.356471 -0.000000
v -0.000000 -0.389312 -0.031360
vn 15.534287 7.475555 -0.000001
v -0.008944 -0.388229 -0.029949
vn 36.197418 15.539257 -0.000003
v 0.008944 -0.388229 -0.029949
vn 0.000006 136.165161 -71.109749
v 0.015680 -0.412505 -0.027159
vn 0.000003 48.711685 -20.177031
v 0.008944 -0.388229 -0.029949
vn 0.000004 129.888504 -84.412079
v 0.015680 -0.387073 -0.027159
vn -41.974285 0.000004 0.000004
v 0.008117 -0.412505 -0.030292
vn -17.198923 0.000002 0.000002
v -0.008117 -0.412505 -0.030292
vn -4.374256 0.000000 0.000000
v -0.000000 -0.412505 -0.031360
vn -77.011963 0.000007 0.000007
v -0.015680 -0.412505 -0.027159
vn -119.924210 0.000010 0.000010
v 0.015680 -0.412505 -0.027159
vn -167.786560 0.000015 0.000015
v -0.022175 -0.412505 -0.022175
vn -217.337250 0.000019 0.000019
v 0.022175 -0.412505 -0.022175
vn -265.199524 0.000023 0.000023
v -0.027159 -0.412505 -0.015680
vn -308.111664 0.000027 0.000027
v 0.027159 -0.412505 -0.015680
vn -343.149384 0.000030 0.000030
v -0.030292 -0.412505 -0.008117
vn -367.924805 0.000032 0.000032
v 0.030292 -0.412505 -0.008117
vn -380.749420 0.000033 0.000033
v -0.031360 -0.412505 0.000000
vn -380.749298 0.000033 0.000033
v 0.031360 -0.412505 -0.000000
vn -471.523865 0.000041 0.000041
v -0.030292 -0.412505 0.008117
vn -239.550140 0.000021 0.000021
v 0.030292 -0.412505 0.008117
vn -308.111755 0.000027 0.000027
v 0.027159 -0.412505 0.015680
vn -265.199554 0.000023 0.000023
v -0.027159 -0.412505 0.015680
vn -217.337189 0.000019 0.000019
v 0.022175 -0.412505 0.022175
vn -167.786469 0.000015 0.000015
v -0.022175 -0.412505 0.022175
vn -132.748795 0.000012 0.000012
v 0.015680 -0.412505 0.027159
vn -64.187263 0.000006 0.000006
v -0.015680 -0.412505 0.027159
vn -41.974297 0.000004 0.000004
v -0.008117 -0.412505 0.030292
vn -17.198933 0.000002 0.000002
v 0.008117 -0.412505 0.030292
vn -4.374264 0.000000 0.000000
v -0.000000 -0.412505 0.031360
vn 0.000021 131.156097 69.034927
v -0.015680 -0.387073 -0.027159
vn 0.000019 135.193481 86.609482
v -0.015680 -0.412505 -0.027159
vn 0.000009 46.005836 19.056234
v -0.008944 -0.388229 -0.029949
vn 74.063812 30.678244 -0.000006
v -0.015680 -0.387073 -0.027159
vn 117.214584 48.551811 -0.000010
v 0.015680 -0.387073 -0.027159
vn 167.786560 69.499352 -0.000015
v -0.022175 -0.385009 -0.022175
vn 217.337234 90.023956 -0.000019
v 0.022175 -0.385009 -0.022175
vn 164.029694 67.943298 -0.000014
v -0.027159 -0.382318 -0.015680
vn 93.827888 38.864796 -0.000008
v 0.027159 -0.382318 -0.015680
vn 106.308746 15.370584 -0.000009
v -0.027232 -0.382245 -0.015503
vn 216.719696 29.220024 -0.000019
v 0.027232 -0.382245 -0.015503
vn -0.000000 159.180206 -160.992157
v 0.022175 -0.412505 -0.022175
vn -0.000000 79.590103 -79.590134
v 0.022175 -0.385009 -0.022175
vn -0.000028 -159.180206 -160.992111
v 0.022175 -0.412505 0.022175
vn -0.000019 -129.888489 -84.412064
v 0.015680 -0.387073 0.027159
vn -0.000029 -136.165161 -71.109726
v 0.015680 -0.412505 0.027159
vn -0.000014 -79.590103 -79.590103
v 0.022175 -0.385009 0.022175
vn -0.000022 -100.460625 -27.724306
v 0.008117 -0.388492 0.030292
vn -0.000015 -142.421631 -31.691566
v 0.008117 -0.412505 0.030292
vn -0.000017 -48.711685 -20.177032
v 0.008944 -0.388229 0.029949
vn -0.000013 -144.092865 -6.470703
v -0.000000 -0.389312 0.031360
vn -0.000012 -144.092865 6.470703
v -0.000000 -0.412505 0.031360
vn -0.000008 -101.630386 14.795253
v -0.008117 -0.388492 0.030292
vn -0.000016 -143.661758 45.618839
v -0.008117 -0.412505 0.030292
vn -0.000013 -131.156097 69.034943
v -0.015680 -0.387073 0.027159
vn -0.000004 -135.193497 86.609436
v -0.015680 -0.412505 0.027159
vn -0.000010 -46.005836 19.056232
v -0.008944 -0.388229 0.029949
vn 0.000000 -159.180237 160.992126
v -0.022175 -0.385009 0.022175
vn -0.000000 -79.590118 79.590103
v -0.022175 -0.412505 0.022175
vn 0.000005 -96.341049 152.049118
v -0.027159 -0.412505 0.015680
vn 0.000008 -86.498192 166.677643
v -0.027159 -0.382318 0.015680
vn 0.000011 -56.938560 181.069641
v -0.030292 -0.412505 0.008117
vn 0.000014 -41.832993 189.701263
v -0.030292 -0.381272 0.008117
vn 0.000001 -0.038664 0.093343
v -0.027232 -0.382245 0.015503
vn 0.000010 -17.119911 130.038559
v -0.031360 -0.412505 0.000000
vn 0.000005 -8.703926 66.112846
v -0.031360 -0.380204 0.000000
vn 0.000013 17.119911 130.038681
v -0.031360 -0.380204 0.000000
vn 0.000027 65.642479 247.182556
v -0.030292 -0.412505 -0.008117
vn 0.000007 8.703926 66.112907
v -0.031360 -0.412505 0.000000
vn 0.000012 33.129066 123.588448
v -0.030292 -0.381272 -0.008117
vn 0.000020 86.498199 166.677597
v -0.027159 -0.382318 -0.015680
vn 0.000022 96.341057 152.049103
v -0.027159 -0.412505 -0.015680
vn -0.000002 0.038664 0.093344
v -0.027232 -0.382245 -0.015503
vn 0.000028 159.180237 160.992157
v -0.022175 -0.385009 -0.022175
vn 0.000014 79.590118 79.590134
v -0.022175 -0.412505 -0.022175
vn -0.000007 96.379692 -152.142441
v 0.027159 -0.382318 -0.015680
vn -0.000007 86.459511 -166.584259
v 0.027159 -0.412505 -0.015680
vn -0.000018 65.681175 -247.275909
v 0.030292 -0.381272 -0.008117
vn -0.000008 33.090416 -123.495102
v 0.030292 -0.412505 -0.008117
vn -0.000002 0.038664 -0.093344
v 0.027232 -0.382245 -0.015503
vn -0.000016 8.416000 -196.151550
v 0.031360 -0.412505 -0.000000
vn -0.000018 -8.415999 -196.151489
v 0.031360 -0.380204 0.000000
vn -0.000020 -41.794365 -189.607910
v 0.030292 -0.412505 0.008117
vn -0.000020 -56.977242 -181.162979
v 0.030292 -0.381272 0.008117
vn -0.000022 -86.459518 -166.584320
v 0.027159 -0.412505 0.015680
vn -0.000021 -96.379692 -152.142456
v 0.027159 -0.382318 0.015680
vn 0.000001 -0.038664 -0.093343
v 0.027232 -0.382245 0.015503
vn 338.284149 44.535984 -0.000030
v -0.030292 -0.381272 -0.008117
vn 365.215240 48.081528 -0.000032
v 0.030292 -0.381272 -0.008117
vn 380.749390 16.324938 -0.000033
v -0.031360 -0.380204 0.000000
vn 380.749298 -16.325006 -0.000033
v 0.031360 -0.380204 0.000000
vn 166.465714 -68.952324 -0.000015
v -0.027159 -0.382318 0.015680
vn 106.308853 -15.370603 -0.000009
v 0.027232 -0.382245 0.015503
vn 216.719742 -29.220062 -0.000019
v -0.027232 -0.382245 0.015503
vn 91.392044 -37.855808 -0.000008
v 0.027159 -0.382318 0.015680
vn 217.337204 -90.023987 -0.000019
v 0.022175 -0.385009 0.022175
vn 167.786484 -69.499382 -0.000015
v -0.022175 -0.385009 0.022175
vn 129.800720 -53.765190 -0.000011
v 0.015680 -0.387073 0.027159
vn 61.477692 -25.464890 -0.000005
v -0.015680 -0.387073 0.027159
vn 36.197460 -15.539265 -0.000003
v -0.008944 -0.388229 0.029949
vn 15.534266 -7.475557 -0.000001
v 0.008944 -0.388229 0.029949
vn 7.322367 -5.618664 -0.000001
v -0.008117 -0.388492 0.030292
vn 5.776845 -4.432725 -0.000001
v 0.008117 -0.388492 0.030292
vn 4.374264 -3.356472 -0.000000
v -0.000000 -0.389312 0.031360
vn 365.214996 -48.081589 -0.000032
v -0.030292 -0.381272 0.008117
vn 338.284027 -44.536045 -0.000030
v 0.030292 -0.381272 0.008117
vn 0.000896 5123.443359 5121.632324
v -0.022175 0.500000 -0.022175
vn 0.000635 4409.223633 2851.223145
v -0.015680 -0.387073 -0.027159
vn 0.000448 2561.721680 2561.721924
v -0.022175 -0.385009 -0.022175
vn 0.000617 4653.841309 2440.712158
v -0.015680 0.500000 -0.027159
vn 0.000416 3386.306152 1402.653687
v -0.008944 -0.388229 -0.029949
vn 0.000589 5518.199219 1257.541748
v -0.008117 0.500000 -0.030292
vn 0.000203 2003.874023 316.183594
v -0.008117 -0.388492 -0.030292
vn 352.380676 244.651245 -0.000006
v -0.031360 -0.388229 -0.029949
vn 73.509560 30.448664 0.000000
v -0.015680 -0.387073 -0.027159
vn 17.709517 8.019464 -0.000002
v -0.008944 -0.388229 -0.029949
vn 76.445999 28.312061 -0.000001
v -0.031360 -0.382245 -0.015503
vn 7.273849 3.012914 -0.000010
v -0.022175 -0.385009 -0.022175
vn 6.843011 2.834466 -0.000003
v -0.027159 -0.382318 -0.015680
vn 7.873302 1.088709 -0.000001
v -0.027232 -0.382245 -0.015503
vn 0.000452 2237.429199 2934.033447
v -0.027159 -0.382318 -0.015680
vn 0.000641 2502.091553 4808.662598
v -0.027159 0.500000 -0.015680
vn 0.000498 5458.974609 239.415237
v -0.000000 -0.389312 -0.031360
vn 0.000456 5458.973633 -239.415222
v -0.000000 0.500000 -0.031360
vn 671.197327 676.390503 -0.000058
v 0.031360 -0.397748 -0.042354
vn 346.758728 346.758606 -0.000030
v -0.031360 -0.397748 -0.042354
vn 185.009094 141.962372 -0.000015
v -0.000000 -0.389312 -0.031360
vn 7.498835 5.754035 -0.000001
v -0.008117 -0.388492 -0.030292
vn 178.495529 111.224495 -0.000040
v 0.031360 -0.388229 -0.029949
vn 7.498834 5.754035 -0.000001
v 0.008117 -0.388492 -0.030292
vn 17.709517 8.019464 -0.000002
v 0.008944 -0.388229 -0.029949
vn 11.866094 1.562202 -0.000000
v -0.030292 -0.381272 -0.008117
vn 4.177416 0.549968 0.000000
v -0.031360 -0.380204 0.000000
vn 0.000210 697.014099 1682.740845
v -0.027232 -0.382245 -0.015503
vn 0.000592 1614.364746 5127.882812
v -0.030292 -0.381272 -0.008117
vn 0.000564 1170.878296 5286.180176
v -0.030292 0.500000 -0.008117
vn 0.000286 3824.091553 -555.819702
v 0.008117 -0.388492 -0.030292
vn 0.000234 3697.982422 -1017.905762
v 0.008117 0.500000 -0.030292
vn 0.000173 3386.307129 -1402.653687
v 0.008944 -0.388229 -0.029949
vn 0.000223 6103.331543 -3552.944824
v 0.015680 0.500000 -0.027159
vn 0.000107 2959.734375 -1738.990234
v 0.015680 -0.387073 -0.027159
vn 73.509560 30.448662 -0.000013
v 0.015680 -0.387073 -0.027159
vn 76.446007 28.312061 -0.000012
v 0.031360 -0.382245 -0.015503
vn 7.273853 3.012915 0.000009
v 0.022175 -0.385009 -0.022175
vn 6.843015 2.834468 0.000001
v 0.027159 -0.382318 -0.015680
vn 7.873306 1.088710 -0.000001
v 0.027232 -0.382245 -0.015503
vn -0.000005 0.000000 -62.743408
v 0.031360 -0.497959 -0.015503
vn -0.000013 0.000000 -153.126389
v 0.031360 -0.497959 0.015503
vn -0.000001 0.000000 -15.957723
v 0.031360 -0.500000 -0.000000
vn -0.000025 0.000000 -280.947205
v 0.031360 -0.491975 -0.029949
vn -0.000038 0.000000 -437.495178
v 0.031360 -0.491975 0.029949
vn -0.000054 0.000000 -612.101685
v 0.031360 -0.482456 -0.042354
vn -0.000069 0.000000 -792.867859
v 0.031360 -0.482456 0.042354
vn -0.000085 0.000000 -967.474487
v 0.031360 -0.470051 -0.051873
vn -0.000089 0.000000 -1016.602417
v 0.031360 -0.470051 0.051873
vn -0.000063 0.000000 -723.942627
v 0.031360 -0.455605 -0.057857
vn -0.000028 0.000000 -323.973206
v 0.031360 -0.459286 -0.000000
vn -0.000002 0.000000 -26.957125
v 0.031360 -0.458632 -0.004965
vn -0.000005 0.000000 -58.021912
v 0.031360 -0.456716 -0.009592
vn -0.000022 0.000000 -246.134247
v 0.031360 -0.453667 -0.013565
vn -0.000041 0.000000 -466.149353
v 0.031360 -0.440102 -0.059898
vn -0.000007 0.000000 -81.858688
v 0.031360 -0.449694 -0.016614
vn -0.000008 0.000000 -96.843185
v 0.031360 -0.445067 -0.018530
vn -0.000023 0.000000 -261.118591
v 0.031360 -0.440102 -0.019184
vn -0.000045 0.000000 -517.126343
v 0.031360 -0.424599 -0.057857
vn -0.000009 0.000000 -101.954124
v 0.031360 -0.435137 -0.018530
vn -0.000008 0.000000 -96.843193
v 0.031360 -0.430510 -0.016614
vn -0.000007 0.000000 -81.858673
v 0.031360 -0.426537 -0.013565
vn -0.000022 0.000000 -246.134262
v 0.031360 -0.423488 -0.009592
vn -0.000073 0.000000 -838.345764
v 0.031360 -0.410153 -0.051873
vn -0.000005 0.000000 -58.021919
v 0.031360 -0.421571 -0.004965
vn -0.000028 0.000000 -325.688843
v 0.031360 -0.420918 -0.000000
vn -0.000039 0.000000 -442.312561
v 0.031360 -0.455605 0.057857
vn -0.000002 0.000000 -26.957129
v 0.031360 -0.458632 0.004965
vn -0.000005 0.000000 -58.021912
v 0.031360 -0.456716 0.009592
vn -0.000022 0.000000 -246.134277
v 0.031360 -0.453667 0.013565
vn -0.000045 0.000000 -517.126404
v 0.031360 -0.440102 0.059898
vn -0.000007 0.000000 -81.858704
v 0.031360 -0.449694 0.016614
vn -0.000008 0.000000 -96.843208
v 0.031360 -0.445067 0.018530
vn -0.000009 0.000000 -101.954086
v 0.031360 -0.440102 0.019184
vn -0.000023 0.000000 -261.118652
v 0.031360 -0.435137 0.018530
vn -0.000041 0.000000 -466.149414
v 0.031360 -0.424599 0.057857
vn -0.000008 0.000000 -96.843185
v 0.031360 -0.430510 0.016614
vn -0.000007 0.000000 -81.858658
v 0.031360 -0.426537 0.013565
vn -0.000022 0.000000 -246.134277
v 0.031360 -0.423488 0.009592
vn -0.000096 0.000000 -1103.335205
v 0.031360 -0.410153 0.051873
vn -0.000005 0.000000 -58.021919
v 0.031360 -0.421571 0.004965
vn -0.000069 0.000000 -792.867737
v 0.031360 -0.397748 -0.042354
vn -0.000054 0.000000 -612.101685
v 0.031360 -0.397748 0.042354
vn -0.000038 0.000000 -437.495148
v 0.031360 -0.388229 -0.029949
vn -0.000025 0.000000 -280.947235
v 0.031360 -0.388229 0.029949
vn -0.000013 0.000000 -153.126419
v 0.031360 -0.382245 -0.015503
vn -0.000005 0.000000 -62.743439
v 0.031360 -0.382245 0.015503
vn -0.000001 0.000000 -15.957752
v 0.031360 -0.380204 0.000000
vn 395.748962 620.895996 -0.000035
v -0.031360 -0.410153 -0.051873
vn 339.837402 653.176758 -0.000030
v 0.031360 -0.410153 -0.051873
vn 0.000630 0.000000 7210.677734
v -0.031360 -0.380204 0.000000
vn 0.000315 0.000000 3603.152100
v -0.031360 0.500000 0.000000
vn 0.000030 4014.591309 -3676.549316
v 0.022175 -0.385009 -0.022175
vn -0.000029 3670.572266 -4006.804688
v 0.022175 0.500000 -0.022175
vn -0.000061 2237.428223 -2934.033447
v 0.027159 -0.382318 -0.015680
vn -0.000199 2502.091309 -4808.662598
v 0.027159 0.500000 -0.015680
vn -0.000084 697.014099 -1682.740845
v 0.027232 -0.382245 -0.015503
vn -0.000305 1614.365112 -5127.882812
v 0.030292 -0.381272 -0.008117
vn -0.000360 1170.879150 -5286.180176
v 0.030292 0.500000 -0.008117
vn 11.866104 1.562204 -0.000002
v 0.030292 -0.381272 -0.008117
vn 4.177423 0.549969 -0.000001
v 0.031360 -0.380204 0.000000
vn -395.748840 620.895996 0.000035
v 0.031360 -0.470051 -0.051873
vn -693.517456 693.517273 0.000061
v -0.031360 -0.482456 -0.042354
vn -339.837280 653.176636 0.000030
v -0.031360 -0.470051 -0.051873
vn -346.758728 346.758667 0.000030
v 0.031360 -0.482456 -0.042354
vn -221.564331 702.166870 0.000019
v 0.031360 -0.455605 -0.057857
vn -159.203003 718.876587 0.000014
v -0.031360 -0.455605 -0.057857
vn -32.280525 735.586182 0.000003
v 0.031360 -0.440102 -0.059898
vn 32.280647 735.586060 -0.000003
v -0.031360 -0.440102 -0.059898
vn 159.203125 718.876404 -0.000014
v 0.031360 -0.424599 -0.057857
vn 221.564453 702.166870 -0.000019
v -0.031360 -0.424599 -0.057857
vn 11.866102 -1.562206 0.000000
v 0.030292 -0.381272 0.008117
vn 27.356379 -7.978488 -0.000003
v 0.031360 -0.382245 0.015503
vn 4.177421 -0.549969 0.000001
v 0.031360 -0.380204 0.000000
vn 7.873309 -1.088711 -0.000001
v 0.027232 -0.382245 0.015503
vn 40.303993 -16.694454 -0.000005
v 0.027159 -0.382318 0.015680
vn 154.816559 -90.486557 -0.000007
v 0.031360 -0.388229 0.029949
vn 49.089638 -20.333588 -0.000008
v 0.022175 -0.385009 0.022175
vn 40.048634 -16.588688 -0.000007
v 0.015680 -0.387073 0.027159
vn 17.709517 -8.019468 -0.000002
v 0.008944 -0.388229 0.029949
vn 155.001175 -90.563026 -0.000021
v -0.031360 -0.388229 0.029949
vn 105.601402 -81.030792 -0.000009
v -0.008117 -0.388492 0.030292
vn 17.709518 -8.019468 -0.000002
v -0.008944 -0.388229 0.029949
vn 578.656677 -605.381531 -0.000050
v -0.031360 -0.397748 0.042354
vn 235.790787 -180.928558 -0.000022
v -0.000000 -0.389312 0.031360
vn 105.601410 -81.030792 -0.000011
v 0.008117 -0.388492 0.030292
vn 428.103149 -409.176514 -0.000039
v 0.031360 -0.397748 0.042354
vn 395.748840 -620.895996 -0.000035
v 0.031360 -0.410153 0.051873
vn 339.837280 -653.176758 -0.000030
v -0.031360 -0.410153 0.051873
vn 221.564377 -702.166870 -0.000019
v 0.031360 -0.424599 0.057857
vn 159.203110 -718.876343 -0.000014
v -0.031360 -0.424599 0.057857
vn 32.280582 -735.586060 -0.000003
v 0.031360 -0.440102 0.059898
vn -32.280704 -735.586182 0.000003
v -0.031360 -0.440102 0.059898
vn -159.203247 -718.876587 0.000014
v 0.031360 -0.455605 0.057857
vn -221.564499 -702.166870 0.000019
v -0.031360 -0.455605 0.057857
vn -339.837402 -653.176636 0.000030
v 0.031360 -0.470051 0.051873
vn -395.748962 -620.895996 0.000035
v -0.031360 -0.470051 0.051873
vn -693.517334 -693.517273 0.000061
v 0.031360 -0.482456 0.042354
vn -346.758667 -346.758667 0.000030
v -0.031360 -0.482456 0.042354
vn -620.896118 -395.748779 0.000054
v -0.031360 -0.491975 0.029949
vn -653.176880 -339.837219 0.000057
v 0.031360 -0.491975 0.029949
vn -702.166992 -221.564301 0.000061
v -0.031360 -0.497959 0.015503
vn -718.876465 -159.202972 0.000063
v 0.031360 -0.497959 0.015503
vn -735.586182 -32.280518 0.000064
v -0.031360 -0.500000 -0.000000
vn -735.586304 32.280640 0.000064
v 0.031360 -0.500000 -0.000000
vn -718.876709 159.203094 0.000063
v -0.031360 -0.497959 -0.015503
vn -702.166992 221.564423 0.000061
v 0.031360 -0.497959 -0.015503
vn -653.176758 339.837341 0.000057
v -0.031360 -0.491975 -0.029949
vn -620.896118 395.748901 0.000054
v 0.031360 -0.491975 -0.029949
vn 0.000360 -1170.878174 5286.177734
v -0.030292 0.500000 0.008117
vn 0.000306 -1614.364746 5127.882324
v -0.030292 -0.381272 0.008117
vn -0.000630 0.000015 -7210.678711
v 0.031360 -0.380204 0.000000
vn -0.000315 0.000000 -3603.152100
v 0.031360 0.500000 0.000000
vn -0.000564 -1170.879150 -5286.177734
v 0.030292 0.500000 0.008117
vn -0.000590 -1614.365234 -5127.882324
v 0.030292 -0.381272 0.008117
vn -0.000209 -697.014099 -1682.741821
v 0.027232 -0.382245 0.015503
vn -0.000640 -2502.091309 -4808.664551
v 0.027159 0.500000 0.015680
vn -0.000452 -2237.428223 -2934.034180
v 0.027159 -0.382318 0.015680
vn -0.000671 -3670.572266 -4006.804199
v 0.022175 0.500000 0.022175
vn -0.000672 -4014.591309 -3676.547363
v 0.022175 -0.385009 0.022175
vn -0.000834 -6103.331543 -3552.944824
v 0.015680 0.500000 0.027159
vn -0.000411 -2959.734375 -1738.990723
v 0.015680 -0.387073 0.027159
vn -0.000408 -3386.307129 -1402.653687
v 0.008944 -0.388229 0.029949
vn -0.000402 -3697.982422 -1017.904907
v 0.008117 0.500000 0.030292
vn -0.000383 -3824.091797 -555.819336
v 0.008117 -0.388492 0.030292
vn -0.000498 -5458.973633 -239.415665
v -0.000000 0.500000 0.031360
vn -0.000456 -5458.974609 239.415619
v -0.000000 -0.389312 0.031360
vn -0.000365 -5518.199219 1257.541260
v -0.008117 0.500000 0.030292
vn -0.000148 -2003.874023 316.182709
v -0.008117 -0.388492 0.030292
vn -0.000166 -3386.306396 1402.653687
v -0.008944 -0.388229 0.029949
vn -0.000186 -4653.841797 2440.712402
v -0.015680 0.500000 0.027159
vn -0.000136 -4409.223145 2851.222656
v -0.015680 -0.387073 0.027159
vn 23.178949 -7.428515 -0.000000
v -0.027232 -0.382245 0.015503
vn 26.904102 -7.791152 -0.000004
v -0.031360 -0.382245 0.015503
vn 25.265970 -10.465506 -0.000002
v -0.027159 -0.382318 0.015680
vn 49.089642 -20.333588 -0.000001
v -0.022175 -0.385009 0.022175
vn 40.048634 -16.588688 0.000000
v -0.015680 -0.387073 0.027159
vn 11.866091 -1.562204 -0.000002
v -0.030292 -0.381272 0.008117
vn 4.177413 -0.549968 -0.000002
v -0.031360 -0.380204 0.000000
vn 0.000201 -2502.091553 4808.664551
v -0.027159 0.500000 0.015680
vn 0.000085 -697.014099 1682.741699
v -0.027232 -0.382245 0.015503
vn 0.000061 -2237.429199 2934.034180
v -0.027159 -0.382318 0.015680
vn -0.000000 -5123.443359 5121.630859
v -0.022175 0.500000 0.022175
vn -0.000000 -2561.721680 2561.721191
v -0.022175 -0.385009 0.022175
vn -222.118774 222.118805 0.000019
v 0.031360 -0.426537 0.013565
vn -198.859833 126.750023 0.000017
v -0.031360 -0.423488 0.009592
vn -209.198807 108.842674 0.000018
v 0.031360 -0.423488 0.009592
vn -111.059387 111.059402 0.000010
v -0.031360 -0.426537 0.013565
vn -224.889374 70.962410 0.000020
v -0.031360 -0.421571 0.004965
vn -230.240936 50.989506 0.000020
v 0.031360 -0.421571 0.004965
vn -126.750008 198.859802 0.000011
v -0.031360 -0.430510 0.016614
vn -108.842659 209.198776 0.000010
v 0.031360 -0.430510 0.016614
vn -235.592651 10.338876 0.000021
v -0.031360 -0.420918 0.000000
vn -235.592773 -10.338834 0.000021
v 0.031360 -0.420918 -0.000000
vn -70.962395 224.889343 0.000006
v -0.031360 -0.435137 0.018530
vn -50.989468 230.240906 0.000004
v 0.031360 -0.435137 0.018530
vn -230.241074 -50.989460 0.000020
v -0.031360 -0.421571 -0.004965
vn -224.889252 -70.962379 0.000020
v 0.031360 -0.421571 -0.004965
vn -10.338836 235.592621 0.000001
v -0.031360 -0.440102 0.019184
vn 10.338878 235.592743 -0.000001
v 0.031360 -0.440102 0.019184
vn -209.198624 -108.842644 0.000018
v -0.031360 -0.423488 -0.009592
vn -198.859833 -126.749985 0.000017
v 0.031360 -0.423488 -0.009592
vn 50.989513 230.241043 -0.000004
v -0.031360 -0.445067 0.018530
vn 70.962425 224.889221 -0.000006
v 0.031360 -0.445067 0.018530
vn -222.118958 -222.118744 0.000019
v -0.031360 -0.426537 -0.013565
vn -111.059479 -111.059372 0.000010
v 0.031360 -0.426537 -0.013565
vn 108.842690 209.198593 -0.000010
v -0.031360 -0.449694 0.016614
vn 126.750031 198.859802 -0.000011
v 0.031360 -0.449694 0.016614
vn -126.750092 -198.859802 0.000011
v 0.031360 -0.430510 -0.016614
vn -108.842804 -209.198776 0.000010
v -0.031360 -0.430510 -0.016614
vn 222.118835 222.118866 -0.000019
v -0.031360 -0.453667 0.013565
vn 111.059418 111.059433 -0.000010
v 0.031360 -0.453667 0.013565
vn -70.962486 -224.889343 0.000006
v 0.031360 -0.435137 -0.018530
vn -50.989452 -230.240906 0.000004
v -0.031360 -0.435137 -0.018530
vn 198.859833 126.750046 -0.000017
v 0.031360 -0.456716 0.009592
vn 209.198807 108.842758 -0.000018
v -0.031360 -0.456716 0.009592
vn -10.338818 -235.592621 0.000001
v 0.031360 -0.440102 -0.019184
vn 10.338776 -235.592743 -0.000001
v -0.031360 -0.440102 -0.019184
vn 224.889374 70.962440 -0.000020
v 0.031360 -0.458632 0.004965
vn 230.240936 50.989399 -0.000020
v -0.031360 -0.458632 0.004965
vn 50.989407 -230.241043 -0.000004
v 0.031360 -0.445067 -0.018530
vn 70.962456 -224.889221 -0.000006
v -0.031360 -0.445067 -0.018530
vn 235.592651 10.338774 -0.000021
v 0.031360 -0.459286 -0.000000
vn 235.592773 -10.338816 -0.000021
v -0.031360 -0.459286 0.000000
vn 108.842773 -209.198593 -0.000010
v 0.031360 -0.449694 -0.016614
vn 126.750061 -198.859802 -0.000011
v -0.031360 -0.449694 -0.016614
vn 230.241074 -50.989445 -0.000020
v 0.031360 -0.458632 -0.004965
vn 224.889252 -70.962471 -0.000020
v -0.031360 -0.458632 -0.004965
vn 222.118896 -222.118927 -0.000019
v 0.031360 -0.453667 -0.013565
vn 111.059448 -111.059464 -0.000010
v -0.031360 -0.453667 -0.013565
vn 209.198624 -108.842789 -0.000018
v 0.031360 -0.456716 -0.009592
vn 198.859833 -126.750076 -0.000017
v -0.031360 -0.456716 -0.009592
vn 17.198923 -0.000002 -0.000002
v -0.008117 0.500000 -0.030292
vn 41.974289 -0.000004 -0.000004
v 0.008117 0.500000 -0.030292
vn 4.374256 -0.000000 -0.000000
v -0.000000 0.500000 -0.031360
vn 77.011963 -0.000007 -0.000007
v -0.015680 0.500000 -0.027159
vn 119.924210 -0.000010 -0.000010
v 0.015680 0.500000 -0.027159
vn 167.786560 -0.000015 -0.000015
v -0.022175 0.500000 -0.022175
vn 217.337234 -0.000019 -0.000019
v 0.022175 0.500000 -0.022175
vn 265.199524 -0.000023 -0.000023
v -0.027159 0.500000 -0.015680
vn 308.111633 -0.000027 -0.000027
v 0.027159 0.500000 -0.015680
vn 343.149384 -0.000030 -0.000030
v -0.030292 0.500000 -0.008117
vn 367.924805 -0.000032 -0.000032
v 0.030292 0.500000 -0.008117
vn 380.749420 -0.000033 -0.000033
v -0.031360 0.500000 0.000000
vn 380.749298 -0.000033 -0.000033
v 0.031360 0.500000 0.000000
vn 367.924622 -0.000032 -0.000032
v -0.030292 0.500000 0.008117
vn 343.149384 -0.000030 -0.000030
v 0.030292 0.500000 0.008117
vn 308.111755 -0.000027 -0.000027
v -0.027159 0.500000 0.015680
vn 265.199585 -0.000023 -0.000023
v 0.027159 0.500000 0.015680
vn 217.337204 -0.000019 -0.000019
v -0.022175 0.500000 0.022175
vn 167.786469 -0.000015 -0.000015
v 0.022175 0.500000 0.022175
vn 119.924126 -0.000010 -0.000010
v -0.015680 0.500000 0.027159
vn 77.011925 -0.000007 -0.000007
v 0.015680 0.500000 0.027159
vn 41.974289 -0.000004 -0.000004
v -0.008117 0.500000 0.030292
vn 17.198931 -0.000002 -0.000002
v 0.008117 0.500000 0.030292
vn 4.374264 -0.000000 -0.000000
v -0.000000 0.500000 0.031360
vn 0.000010 171.261597 -54.040524
v 0.008497 0.047633 -0.031711
vn 0.000007 159.312653 -82.887802
v 0.016415 0.019722 -0.028432
vn 0.000012 175.337143 -38.830330
v 0.008497 0.019722 -0.031711
vn 0.000005 151.439270 -96.524879
v 0.016415 0.047633 -0.028432
vn -0.000005 -151.439270 96.524879
v 0.016415 0.047633 -0.028432
vn -0.000010 -171.261597 54.040524
v 0.008497 0.047633 -0.031711
vn -0.000007 -159.312653 82.887802
v 0.016415 0.019722 -0.028432
vn -0.000012 -175.337143 38.830330
v 0.008497 0.019722 -0.031711
vn -12.457052 0.000001 0.000001
v 0.008497 0.019722 -0.031711
vn -12.457053 0.000001 0.000001
v -0.008497 0.019722 -0.031711
vn -4.793918 0.000000 0.000000
v -0.000000 0.019722 -0.032830
vn -7.522124 0.000001 0.000001
v -0.000000 0.019722 -0.031360
vn -9.166526 0.000001 0.000001
v 0.008117 0.019722 -0.030292
vn -9.307539 0.000001 0.000001
v 0.016415 0.019722 -0.028432
vn -9.166533 0.000001 0.000001
v 0.015680 0.019722 -0.027159
vn -9.307550 0.000001 0.000001
v 0.023214 0.019722 -0.023214
vn -9.166540 0.000001 0.000001
v 0.022175 0.019722 -0.022175
vn -9.307547 0.000001 0.000001
v 0.028432 0.019722 -0.016415
vn -9.166533 0.000001 0.000001
v 0.027159 0.019722 -0.015680
vn -9.307551 0.000001 0.000001
v 0.031711 0.019722 -0.008497
vn -9.166553 0.000001 0.000001
v 0.030292 0.019722 -0.008117
vn -9.307570 0.000001 0.000001
v 0.032830 0.019722 0.000000
vn -9.166557 0.000001 0.000001
v 0.031360 0.019722 0.000000
vn -12.316070 0.000001 0.000001
v 0.031711 0.019722 0.008497
vn -6.017024 0.000001 0.000001
v 0.030292 0.019722 0.008117
vn -9.166534 0.000001 0.000001
v 0.027159 0.019722 0.015680
vn -9.307549 0.000001 0.000001
v 0.028432 0.019722 0.016415
vn -9.166545 0.000001 0.000001
v 0.022175 0.019722 0.022175
vn -9.307556 0.000001 0.000001
v 0.023214 0.019722 0.023214
vn -9.166536 0.000001 0.000001
v 0.015680 0.019722 0.027159
vn -9.307546 0.000001 0.000001
v 0.016415 0.019722 0.028432
vn -9.166540 0.000001 0.000001
v 0.008117 0.019722 0.030292
vn -12.457092 0.000001 0.000001
v 0.008497 0.019722 0.031711
vn -7.522163 0.000001 0.000001
v 0.000000 0.019722 0.031360
vn -9.166526 0.000001 0.000001
v -0.008117 0.019722 -0.030292
vn -9.307537 0.000001 0.000001
v -0.016415 0.019722 -0.028432
vn -9.166532 0.000001 0.000001
v -0.015680 0.019722 -0.027159
vn -9.307546 0.000001 0.000001
v -0.023214 0.019722 -0.023214
vn -9.166534 0.000001 0.000001
v -0.022175 0.019722 -0.022175
vn -9.307542 0.000001 0.000001
v -0.028432 0.019722 -0.016415
vn -9.166526 0.000001 0.000001
v -0.027159 0.019722 -0.015680
vn -9.307536 0.000001 0.000001
v -0.031711 0.019722 -0.008497
vn -9.166526 0.000001 0.000001
v -0.030292 0.019722 -0.008117
vn -12.316042 0.000001 0.000001
v -0.032830 0.019722 0.000000
vn -6.017012 0.000001 0.000001
v -0.031360 0.019722 0.000000
vn -9.166525 0.000001 0.000001
v -0.030292 0.019722 0.008117
vn -9.307536 0.000001 0.000001
v -0.031711 0.019722 0.008497
vn -9.166526 0.000001 0.000001
v -0.027159 0.019722 0.015680
vn -9.307543 0.000001 0.000001
v -0.028432 0.019722 0.016415
vn -9.166539 0.000001 0.000001
v -0.022175 0.019722 0.022175
vn -9.307552 0.000001 0.000001
v -0.023214 0.019722 0.023214
vn -9.166536 0.000001 0.000001
v -0.015680 0.019722 0.027159
vn -9.307546 0.000001 0.000001
v -0.016415 0.019722 0.028432
vn -9.166540 0.000001 0.000001
v -0.008117 0.019722 0.030292
vn -12.457092 0.000001 0.000001
v -0.008497 0.019722 0.031711
vn -4.793918 0.000000 0.000000
v 0.000000 0.019722 0.032830
vn 4.793918 -0.000000 -0.000000
v 0.000000 0.019722 0.032830
vn 12.457092 -0.000001 -0.000001
v 0.008497 0.019722 0.031711
vn 12.457092 -0.000001 -0.000001
v -0.008497 0.019722 0.031711
vn 7.522163 -0.000001 -0.000001
v 0.000000 0.019722 0.031360
vn 9.166540 -0.000001 -0.000001
v -0.008117 0.019722 0.030292
vn 9.307545 -0.000001 -0.000001
v -0.016415 0.019722 0.028432
vn 9.166535 -0.000001 -0.000001
v -0.015680 0.019722 0.027159
vn 9.307552 -0.000001 -0.000001
v -0.023214 0.019722 0.023214
vn 9.166538 -0.000001 -0.000001
v -0.022175 0.019722 0.022175
vn 9.307543 -0.000001 -0.000001
v -0.028432 0.019722 0.016415
vn 9.166526 -0.000001 -0.000001
v -0.027159 0.019722 0.015680
vn 9.307537 -0.000001 -0.000001
v -0.031711 0.019722 0.008497
vn 9.166525 -0.000001 -0.000001
v -0.030292 0.019722 0.008117
vn 12.316042 -0.000001 -0.000001
v -0.032830 0.019722 0.000000
vn 6.017012 -0.000001 -0.000001
v -0.031360 0.019722 0.000000
vn 9.166527 -0.000001 -0.000001
v -0.030292 0.019722 -0.008117
vn 9.307537 -0.000001 -0.000001
v -0.031711 0.019722 -0.008497
vn 9.166526 -0.000001 -0.000001
v -0.027159 0.019722 -0.015680
vn 9.307542 -0.000001 -0.000001
v -0.028432 0.019722 -0.016415
vn 9.166534 -0.000001 -0.000001
v -0.022175 0.019722 -0.022175
vn 9.307546 -0.000001 -0.000001
v -0.023214 0.019722 -0.023214
vn 9.166532 -0.000001 -0.000001
v -0.015680 0.019722 -0.027159
vn 9.307537 -0.000001 -0.000001
v -0.016415 0.019722 -0.028432
vn 9.166525 -0.000001 -0.000001
v -0.008117 0.019722 -0.030292
vn 7.522124 -0.000001 -0.000001
v -0.000000 0.019722 -0.031360
vn 12.457054 -0.000001 -0.000001
v -0.008497 0.019722 -0.031711
vn 9.166540 -0.000001 -0.000001
v 0.008117 0.019722 0.030292
vn 9.307546 -0.000001 -0.000001
v 0.016415 0.019722 0.028432
vn 9.166537 -0.000001 -0.000001
v 0.015680 0.019722 0.027159
vn 9.307557 -0.000001 -0.000001
v 0.023214 0.019722 0.023214
vn 9.166546 -0.000001 -0.000001
v 0.022175 0.019722 0.022175
vn 9.307549 -0.000001 -0.000001
v 0.028432 0.019722 0.016415
vn 9.166534 -0.000001 -0.000001
v 0.027159 0.019722 0.015680
vn 12.316070 -0.000001 -0.000001
v 0.031711 0.019722 0.008497
vn 6.017024 -0.000001 -0.000001
v 0.030292 0.019722 0.008117
vn 9.166557 -0.000001 -0.000001
v 0.031360 0.019722 0.000000
vn 9.307570 -0.000001 -0.000001
v 0.032830 0.019722 0.000000
vn 9.166553 -0.000001 -0.000001
v 0.030292 0.019722 -0.008117
vn 9.307551 -0.000001 -0.000001
v 0.031711 0.019722 -0.008497
vn 9.166533 -0.000001 -0.000001
v 0.027159 0.019722 -0.015680
vn 9.307547 -0.000001 -0.000001
v 0.028432 0.019722 -0.016415
vn 9.166540 -0.000001 -0.000001
v 0.022175 0.019722 -0.022175
vn 9.307550 -0.000001 -0.000001
v 0.023214 0.019722 -0.023214
vn 9.166533 -0.000001 -0.000001
v 0.015680 0.019722 -0.027159
vn 9.307537 -0.000001 -0.000001
v 0.016415 0.019722 -0.028432
vn 9.166525 -0.000001 -0.000001
v 0.008117 0.019722 -0.030292
vn 12.457052 -0.000001 -0.000001
v 0.008497 0.019722 -0.031711
vn 4.793918 -0.000000 -0.000000
v -0.000000 0.019722 -0.032830
vn 0.000015 179.412704 -7.873381
v -0.000000 0.047633 -0.032830
vn 0.000016 179.412735 7.873381
v -0.000000 0.019722 -0.032830
vn -0.000015 -179.412704 7.873381
v -0.000000 0.047633 -0.032830
vn -0.000016 -179.412735 -7.873381
v -0.000000 0.019722 -0.032830
vn 12.457052 -0.000001 -0.000001
v -0.008497 0.047633 -0.031711
vn 12.457052 -0.000001 -0.000001
v 0.008497 0.047633 -0.031711
vn 4.793918 -0.000000 -0.000000
v -0.000000 0.047633 -0.032830
vn 7.522123 -0.000001 -0.000001
v -0.000000 0.047633 -0.031360
vn 9.166526 -0.000001 -0.000001
v -0.008117 0.047633 -0.030292
vn 9.307537 -0.000001 -0.000001
v -0.016415 0.047633 -0.028432
vn 9.166532 -0.000001 -0.000001
v -0.015680 0.047633 -0.027159
vn 9.307546 -0.000001 -0.000001
v -0.023214 0.047633 -0.023214
vn 9.166534 -0.000001 -0.000001
v -0.022175 0.047633 -0.022175
vn 9.307543 -0.000001 -0.000001
v -0.028432 0.047633 -0.016415
vn 9.166527 -0.000001 -0.000001
v -0.027159 0.047633 -0.015680
vn 9.307537 -0.000001 -0.000001
v -0.031711 0.047633 -0.008497
vn 9.166527 -0.000001 -0.000001
v -0.030292 0.047633 -0.008117
vn 12.316042 -0.000001 -0.000001
v -0.032830 0.047633 0.000000
vn 6.017012 -0.000001 -0.000001
v -0.031360 0.047633 0.000000
vn 9.166524 -0.000001 -0.000001
v -0.030292 0.047633 0.008117
vn 9.307536 -0.000001 -0.000001
v -0.031711 0.047633 0.008497
vn 9.166526 -0.000001 -0.000001
v -0.027159 0.047633 0.015680
vn 9.307543 -0.000001 -0.000001
v -0.028432 0.047633 0.016415
vn 9.166539 -0.000001 -0.000001
v -0.022175 0.047633 0.022175
vn 9.307552 -0.000001 -0.000001
v -0.023214 0.047633 0.023214
vn 9.166535 -0.000001 -0.000001
v -0.015680 0.047633 0.027159
vn 9.307545 -0.000001 -0.000001
v -0.016415 0.047633 0.028432
vn 9.166541 -0.000001 -0.000001
v -0.008117 0.047633 0.030292
vn 12.457092 -0.000001 -0.000001
v -0.008497 0.047633 0.031711
vn 7.522163 -0.000001 -0.000001
v 0.000000 0.047633 0.031360
vn 9.166525 -0.000001 -0.000001
v 0.008117 0.047633 -0.030292
vn 9.307538 -0.000001 -0.000001
v 0.016415 0.047633 -0.028432
vn 9.166533 -0.000001 -0.000001
v 0.015680 0.047633 -0.027159
vn 9.307550 -0.000001 -0.000001
v 0.023214 0.047633 -0.023214
vn 9.166540 -0.000001 -0.000001
v 0.022175 0.047633 -0.022175
vn 9.307547 -0.000001 -0.000001
v 0.028432 0.047633 -0.016415
vn 9.166533 -0.000001 -0.000001
v 0.027159 0.047633 -0.015680
vn 9.307551 -0.000001 -0.000001
v 0.031711 0.047633 -0.008497
vn 9.166553 -0.000001 -0.000001
v 0.030292 0.047633 -0.008117
vn 9.307570 -0.000001 -0.000001
v 0.032830 0.047633 0.000000
vn 9.166557 -0.000001 -0.000001
v 0.031360 0.047633 0.000000
vn 12.316069 -0.000001 -0.000001
v 0.031711 0.047633 0.008497
vn 6.017024 -0.000001 -0.000001
v 0.030292 0.047633 0.008117
vn 9.166534 -0.000001 -0.000001
v 0.027159 0.047633 0.015680
vn 9.307547 -0.000001 -0.000001
v 0.028432 0.047633 0.016415
vn 9.166544 -0.000001 -0.000001
v 0.022175 0.047633 0.022175
vn 9.307556 -0.000001 -0.000001
v 0.023214 0.047633 0.023214
vn 9.166536 -0.000001 -0.000001
v 0.015680 0.047633 0.027159
vn 9.307546 -0.000001 -0.000001
v 0.016415 0.047633 0.028432
vn 9.166540 -0.000001 -0.000001
v 0.008117 0.047633 0.030292
vn 12.457092 -0.000001 -0.000001
v 0.008497 0.047633 0.031711
vn 4.793918 -0.000000 -0.000000
v 0.000000 0.047633 0.032830
vn -4.793918 0.000000 0.000000
v 0.000000 0.047633 0.032830
vn -12.457092 0.000001 0.000001
v -0.008497 0.047633 0.031711
vn -12.457092 0.000001 0.000001
v 0.008497 0.047633 0.031711
vn -7.522163 0.000001 0.000001
v 0.000000 0.047633 0.031360
vn -9.166540 0.000001 0.000001
v 0.008117 0.047633 0.030292
vn -9.307546 0.000001 0.000001
v 0.016415 0.047633 0.028432
vn -9.166537 0.000001 0.000001
v 0.015680 0.047633 0.027159
vn -9.307557 0.000001 0.000001
v 0.023214 0.047633 0.023214
vn -9.166546 0.000001 0.000001
v 0.022175 0.047633 0.022175
vn -9.307549 0.000001 0.000001
v 0.028432 0.047633 0.016415
vn -9.166534 0.000001 0.000001
v 0.027159 0.047633 0.015680
vn -12.316070 0.000001 0.000001
v 0.031711 0.047633 0.008497
vn -6.017024 0.000001 0.000001
v 0.030292 0.047633 0.008117
vn -9.166557 0.000001 0.000001
v 0.031360 0.047633 0.000000
vn -9.307570 0.000001 0.000001
v 0.032830 0.047633 0.000000
vn -9.166553 0.000001 0.000001
v 0.030292 0.047633 -0.008117
vn -9.307551 0.000001 0.000001
v 0.031711 0.047633 -0.008497
vn -9.166533 0.000001 0.000001
v 0.027159 0.047633 -0.015680
vn -9.307547 0.000001 0.000001
v 0.028432 0.047633 -0.016415
vn -9.166540 0.000001 0.000001
v 0.022175 0.047633 -0.022175
vn -9.307550 0.000001 0.000001
v 0.023214 0.047633 -0.023214
vn -9.166533 0.000001 0.000001
v 0.015680 0.047633 -0.027159
vn -9.307537 0.000001 0.000001
v 0.016415 0.047633 -0.028432
vn -9.166526 0.000001 0.000001
v 0.008117 0.047633 -0.030292
vn -7.522124 0.000001 0.000001
v -0.000000 0.047633 -0.031360
vn -12.457052 0.000001 0.000001
v 0.008497 0.047633 -0.031711
vn -9.166540 0.000001 0.000001
v -0.008117 0.047633 0.030292
vn -9.307545 0.000001 0.000001
v -0.016415 0.047633 0.028432
vn -9.166535 0.000001 0.000001
v -0.015680 0.047633 0.027159
vn -9.307552 0.000001 0.000001
v -0.023214 0.047633 0.023214
vn -9.166538 0.000001 0.000001
v -0.022175 0.047633 0.022175
vn -9.307543 0.000001 0.000001
v -0.028432 0.047633 0.016415
vn -9.166526 0.000001 0.000001
v -0.027159 0.047633 0.015680
vn -9.307537 0.000001 0.000001
v -0.031711 0.047633 0.008497
vn -9.166525 0.000001 0.000001
v -0.030292 0.047633 0.008117
vn -12.316042 0.000001 0.000001
v -0.032830 0.047633 0.000000
vn -6.017012 0.000001 0.000001
v -0.031360 0.047633 0.000000
vn -9.166527 0.000001 0.000001
v -0.030292 0.047633 -0.008117
vn -9.307537 0.000001 0.000001
v -0.031711 0.047633 -0.008497
vn -9.166526 0.000001 0.000001
v -0.027159 0.047633 -0.015680
vn -9.307542 0.000001 0.000001
v -0.028432 0.047633 -0.016415
vn -9.166534 0.000001 0.000001
v -0.022175 0.047633 -0.022175
vn -9.307546 0.000001 0.000001
v -0.023214 0.047633 -0.023214
vn -9.166532 0.000001 0.000001
v -0.015680 0.047633 -0.027159
vn -9.307537 0.000001 0.000001
v -0.016415 0.047633 -0.028432
vn -9.166526 0.000001 0.000001
v -0.008117 0.047633 -0.030292
vn -12.457054 0.000001 0.000001
v -0.008497 0.047633 -0.031711
vn -4.793918 0.000000 0.000000
v -0.000000 0.047633 -0.032830
vn 0.000001 132.431259 -121.296631
v 0.023214 0.019722 -0.023214
vn -0.000001 121.296646 -132.431274
v 0.023214 0.047633 -0.023214
vn 0.000001 -121.296646 132.431274
v 0.023214 0.047633 -0.023214
vn -0.000001 -132.431259 121.296631
v 0.023214 0.019722 -0.023214
vn -0.000010 -171.261597 54.040550
v -0.008497 0.019722 0.031711
vn -0.000007 -159.312637 82.887840
v -0.016415 0.047633 0.028432
vn -0.000005 -151.439285 96.524918
v -0.016415 0.019722 0.028432
vn -0.000012 -175.337173 38.830341
v -0.008497 0.047633 0.031711
vn 0.000012 175.337173 -38.830341
v -0.008497 0.047633 0.031711
vn 0.000010 171.261597 -54.040550
v -0.008497 0.019722 0.031711
vn 0.000007 159.312637 -82.887840
v -0.016415 0.047633 0.028432
vn 0.000005 151.439285 -96.524918
v -0.016415 0.019722 0.028432
vn -0.000000 -169.151947 169.151947
v -0.023214 0.047633 0.023214
vn -0.000000 -84.575974 84.575974
v -0.023214 0.019722 0.023214
vn 0.000000 169.151947 -169.151947
v -0.023214 0.047633 0.023214
vn 0.000000 84.575974 -84.575974
v -0.023214 0.019722 0.023214
vn 0.000005 -96.524879 151.439270
v -0.028432 0.019722 0.016415
vn 0.000007 -82.887802 159.312653
v -0.028432 0.047633 0.016415
vn -0.000007 82.887802 -159.312653
v -0.028432 0.047633 0.016415
vn -0.000005 96.524879 -151.439270
v -0.028432 0.019722 0.016415
vn 0.000010 -54.040524 171.261597
v -0.031711 0.019722 0.008497
vn 0.000012 -38.830330 175.337143
v -0.031711 0.047633 0.008497
vn -0.000012 38.830330 -175.337143
v -0.031711 0.047633 0.008497
vn -0.000010 54.040524 -171.261597
v -0.031711 0.019722 0.008497
vn 0.000015 -7.873381 179.412704
v -0.032830 0.019722 0.000000
vn 0.000016 7.873381 179.412735
v -0.032830 0.047633 0.000000
vn -0.000016 -7.873381 -179.412735
v -0.032830 0.047633 0.000000
vn -0.000015 7.873381 -179.412704
v -0.032830 0.019722 0.000000
vn 0.000019 38.830330 175.337189
v -0.031711 0.019722 -0.008497
vn 0.000020 54.040524 171.261597
v -0.031711 0.047633 -0.008497
vn -0.000020 -54.040524 -171.261597
v -0.031711 0.047633 -0.008497
vn -0.000019 -38.830330 -175.337189
v -0.031711 0.019722 -0.008497
vn 0.000021 82.887802 159.312637
v -0.028432 0.019722 -0.016415
vn 0.000022 96.524879 151.439285
v -0.028432 0.047633 -0.016415
vn -0.000022 -96.524879 -151.439285
v -0.028432 0.047633 -0.016415
vn -0.000021 -82.887802 -159.312637
v -0.028432 0.019722 -0.016415
vn 0.000022 121.296631 132.431274
v -0.023214 0.019722 -0.023214
vn 0.000022 132.431274 121.296631
v -0.023214 0.047633 -0.023214
vn -0.000022 -132.431274 -121.296631
v -0.023214 0.047633 -0.023214
vn -0.000022 -121.296631 -132.431274
v -0.023214 0.019722 -0.023214
vn 0.000022 151.439285 96.524879
v -0.016415 0.019722 -0.028432
vn 0.000021 159.312637 82.887802
v -0.016415 0.047633 -0.028432
vn -0.000021 -159.312637 -82.887802
v -0.016415 0.047633 -0.028432
vn -0.000022 -151.439285 -96.524879
v -0.016415 0.019722 -0.028432
vn 0.000020 171.261597 54.040524
v -0.008497 0.019722 -0.031711
vn 0.000019 175.337173 38.830330
v -0.008497 0.047633 -0.031711
vn -0.000019 -175.337173 -38.830330
v -0.008497 0.047633 -0.031711
vn -0.000020 -171.261597 -54.040524
v -0.008497 0.019722 -0.031711
vn -0.000005 96.524918 -151.439285
v 0.028432 0.019722 -0.016415
vn -0.000007 82.887840 -159.312637
v 0.028432 0.047633 -0.016415
vn 0.000007 -82.887840 159.312637
v 0.028432 0.047633 -0.016415
vn 0.000005 -96.524918 151.439285
v 0.028432 0.019722 -0.016415
vn -0.000010 54.040550 -171.261597
v 0.031711 0.019722 -0.008497
vn -0.000012 38.830341 -175.337173
v 0.031711 0.047633 -0.008497
vn 0.000012 -38.830341 175.337173
v 0.031711 0.047633 -0.008497
vn 0.000010 -54.040550 171.261597
v 0.031711 0.019722 -0.008497
vn -0.000015 7.873381 -179.412735
v 0.032830 0.019722 0.000000
vn -0.000016 -7.873381 -179.412720
v 0.032830 0.047633 0.000000
vn 0.000016 7.873381 179.412720
v 0.032830 0.047633 0.000000
vn 0.000015 -7.873381 179.412735
v 0.032830 0.019722 0.000000
vn -0.000019 -38.830341 -175.337143
v 0.031711 0.019722 0.008497
vn -0.000020 -54.040550 -171.261597
v 0.031711 0.047633 0.008497
vn 0.000020 54.040550 171.261597
v 0.031711 0.047633 0.008497
vn 0.000019 38.830341 175.337143
v 0.031711 0.019722 0.008497
vn -0.000021 -82.887840 -159.312653
v 0.028432 0.019722 0.016415
vn -0.000022 -96.524918 -151.439270
v 0.028432 0.047633 0.016415
vn 0.000022 96.524918 151.439270
v 0.028432 0.047633 0.016415
vn 0.000021 82.887840 159.312653
v 0.028432 0.019722 0.016415
vn -0.000030 -169.151947 -169.151947
v 0.023214 0.019722 0.023214
vn -0.000015 -84.575974 -84.575974
v 0.023214 0.047633 0.023214
vn 0.000015 84.575974 84.575974
v 0.023214 0.047633 0.023214
vn 0.000030 169.151947 169.151947
v 0.023214 0.019722 0.023214
vn -0.000022 -151.439270 -96.524918
v 0.016415 0.047633 0.028432
vn -0.000021 -159.312653 -82.887840
v 0.016415 0.019722 0.028432
vn 0.000022 151.439270 96.524918
v 0.016415 0.047633 0.028432
vn 0.000021 159.312653 82.887840
v 0.016415 0.019722 0.028432
vn -0.000020 -171.261597 -54.040550
v 0.008497 0.047633 0.031711
vn -0.000019 -175.337143 -38.830341
v 0.008497 0.019722 0.031711
vn 0.000020 171.261597 54.040550
v 0.008497 0.047633 0.031711
vn 0.000019 175.337143 38.830341
v 0.008497 0.019722 0.031711
vn -0.000016 -179.412704 -7.873381
v 0.000000 0.047633 0.032830
vn -0.000015 -179.412735 7.873381
v 0.000000 0.019722 0.032830
vn 0.000016 179.412704 7.873381
v 0.000000 0.047633 0.032830
vn 0.000015 179.412735 -7.873381
v 0.000000 0.019722 0.032830
vn -0.000011 -167.486908 37.091808
v 0.008117 0.019722 -0.030292
vn -0.000014 -171.380005 7.520868
v -0.000000 0.047633 -0.031360
vn -0.000016 -171.380020 -7.520868
v -0.000000 0.019722 -0.031360
vn -0.000010 -163.593857 51.621025
v 0.008117 0.047633 -0.030292
vn 0.000010 163.593857 -51.621025
v 0.008117 0.047633 -0.030292
vn 0.000011 167.486908 -37.091808
v 0.008117 0.019722 -0.030292
vn 0.000014 171.380005 -7.520868
v -0.000000 0.047633 -0.031360
vn 0.000016 171.380020 7.520868
v -0.000000 0.019722 -0.031360
vn -0.000006 -152.179855 79.176743
v 0.015680 0.019722 -0.027159
vn -0.000005 -144.658951 92.203262
v 0.015680 0.047633 -0.027159
vn 0.000005 144.658951 -92.203262
v 0.015680 0.047633 -0.027159
vn 0.000006 152.179855 -79.176743
v 0.015680 0.019722 -0.027159
vn -0.000018 -167.486954 -37.091808
v -0.008117 0.047633 -0.030292
vn -0.000019 -163.593857 -51.621025
v -0.008117 0.019722 -0.030292
vn 0.000018 167.486954 37.091808
v -0.008117 0.047633 -0.030292
vn 0.000019 163.593857 51.621025
v -0.008117 0.019722 -0.030292
vn -0.000000 -161.578613 161.578613
v 0.022175 0.019722 -0.022175
vn -0.000000 -80.789307 80.789307
v 0.022175 0.047633 -0.022175
vn 0.000000 80.789307 -80.789307
v 0.022175 0.047633 -0.022175
vn 0.000000 161.578613 -161.578613
v 0.022175 0.019722 -0.022175
vn -0.000020 -152.179855 -79.176743
v -0.015680 0.047633 -0.027159
vn -0.000021 -144.658997 -92.203262
v -0.015680 0.019722 -0.027159
vn 0.000020 152.179855 79.176743
v -0.015680 0.047633 -0.027159
vn 0.000021 144.658997 92.203262
v -0.015680 0.019722 -0.027159
vn 0.000005 -92.203300 144.658997
v 0.027159 0.047633 -0.015680
vn 0.000006 -79.176735 152.179855
v 0.027159 0.019722 -0.015680
vn -0.000005 92.203300 -144.658997
v 0.027159 0.047633 -0.015680
vn -0.000006 79.176735 -152.179855
v 0.027159 0.019722 -0.015680
vn -0.000028 -161.578629 -161.578613
v -0.022175 0.047633 -0.022175
vn -0.000014 -80.789307 -80.789307
v -0.022175 0.019722 -0.022175
vn 0.000028 161.578629 161.578613
v -0.022175 0.047633 -0.022175
vn 0.000014 80.789307 80.789307
v -0.022175 0.019722 -0.022175
vn 0.000010 -51.620983 163.593842
v 0.030292 0.047633 -0.008117
vn 0.000011 -37.091770 167.486954
v 0.030292 0.019722 -0.008117
vn -0.000010 51.620983 -163.593842
v 0.030292 0.047633 -0.008117
vn -0.000011 37.091770 -167.486954
v 0.030292 0.019722 -0.008117
vn -0.000021 -92.203262 -144.658997
v -0.027159 0.019722 -0.015680
vn -0.000020 -79.176743 -152.179855
v -0.027159 0.047633 -0.015680
vn 0.000020 79.176743 152.179855
v -0.027159 0.047633 -0.015680
vn 0.000021 92.203262 144.658997
v -0.027159 0.019722 -0.015680
vn 0.000014 -7.520854 171.380020
v 0.031360 0.047633 0.000000
vn 0.000016 7.520854 171.379990
v 0.031360 0.019722 0.000000
vn -0.000014 7.520854 -171.380020
v 0.031360 0.047633 0.000000
vn -0.000016 -7.520854 -171.379990
v 0.031360 0.019722 0.000000
vn -0.000019 -51.621025 -163.593842
v -0.030292 0.019722 -0.008117
vn -0.000018 -37.091808 -167.486954
v -0.030292 0.047633 -0.008117
vn 0.000018 37.091808 167.486954
v -0.030292 0.047633 -0.008117
vn 0.000019 51.621025 163.593842
v -0.030292 0.019722 -0.008117
vn 0.000018 37.091770 167.486908
v 0.030292 0.047633 0.008117
vn 0.000019 51.620983 163.593857
v 0.030292 0.019722 0.008117
vn -0.000018 -37.091770 -167.486908
v 0.030292 0.047633 0.008117
vn -0.000019 -51.620983 -163.593857
v 0.030292 0.019722 0.008117
vn -0.000016 -7.520868 -171.380020
v -0.031360 0.019722 0.000000
vn -0.000014 7.520868 -171.379990
v -0.031360 0.047633 0.000000
vn 0.000014 -7.520868 171.379990
v -0.031360 0.047633 0.000000
vn 0.000016 7.520868 171.380020
v -0.031360 0.019722 0.000000
vn 0.000020 79.176743 152.179855
v 0.027159 0.047633 0.015680
vn 0.000021 92.203300 144.658951
v 0.027159 0.019722 0.015680
vn -0.000020 -79.176743 -152.179855
v 0.027159 0.047633 0.015680
vn -0.000021 -92.203300 -144.658951
v 0.027159 0.019722 0.015680
vn -0.000011 37.091808 -167.486908
v -0.030292 0.019722 0.008117
vn -0.000010 51.621025 -163.593857
v -0.030292 0.047633 0.008117
vn 0.000010 -51.621025 163.593857
v -0.030292 0.047633 0.008117
vn 0.000011 -37.091808 167.486908
v -0.030292 0.019722 0.008117
vn 0.000021 115.865936 126.501999
v 0.022175 0.047633 0.022175
vn 0.000021 126.501999 115.865929
v 0.022175 0.019722 0.022175
vn -0.000021 -115.865936 -126.501999
v 0.022175 0.047633 0.022175
vn -0.000021 -126.501999 -115.865929
v 0.022175 0.019722 0.022175
vn -0.000006 79.176743 -152.179855
v -0.027159 0.019722 0.015680
vn -0.000005 92.203262 -144.658951
v -0.027159 0.047633 0.015680
vn 0.000005 -92.203262 144.658951
v -0.027159 0.047633 0.015680
vn 0.000006 -79.176743 152.179855
v -0.027159 0.019722 0.015680
vn 0.000021 144.658951 92.203300
v 0.015680 0.047633 0.027159
vn 0.000020 152.179855 79.176735
v 0.015680 0.019722 0.027159
vn -0.000021 -144.658951 -92.203300
v 0.015680 0.047633 0.027159
vn -0.000020 -152.179855 -79.176735
v 0.015680 0.019722 0.027159
vn -0.000001 115.865906 -126.501999
v -0.022175 0.019722 0.022175
vn 0.000001 126.502022 -115.865929
v -0.022175 0.047633 0.022175
vn -0.000001 -126.502022 115.865929
v -0.022175 0.047633 0.022175
vn 0.000001 -115.865906 126.501999
v -0.022175 0.019722 0.022175
vn 0.000019 163.593857 51.620983
v 0.008117 0.047633 0.030292
vn 0.000018 167.486908 37.091770
v 0.008117 0.019722 0.030292
vn -0.000019 -163.593857 -51.620983
v 0.008117 0.047633 0.030292
vn -0.000018 -167.486908 -37.091770
v 0.008117 0.019722 0.030292
vn 0.000005 144.658997 -92.203300
v -0.015680 0.019722 0.027159
vn 0.000006 152.179855 -79.176735
v -0.015680 0.047633 0.027159
vn -0.000006 -152.179855 79.176735
v -0.015680 0.047633 0.027159
vn -0.000005 -144.658997 92.203300
v -0.015680 0.019722 0.027159
vn 0.000016 171.380005 7.520854
v 0.000000 0.047633 0.031360
vn 0.000014 171.380020 -7.520854
v 0.000000 0.019722 0.031360
vn -0.000016 -171.380005 -7.520854
v 0.000000 0.047633 0.031360
vn -0.000014 -171.380020 7.520854
v 0.000000 0.019722 0.031360
vn 0.000010 163.593842 -51.620983
v -0.008117 0.019722 0.030292
vn 0.000011 167.486954 -37.091770
v -0.008117 0.047633 0.030292
vn -0.000011 -167.486954 37.091770
v -0.008117 0.047633 0.030292
vn -0.000010 -163.593842 51.620983
v -0.008117 0.019722 0.030292
# 1186 vertices, 0 vertices normals

f 1//1 2//2 3//3
f 2//2 1//1 4//4
f 5//5 6//6 7//7
f 8//8 7//7 6//6
f 9//9 10//10 11//11
f 10//10 9//9 12//12
f 12//12 9//9 13//13
f 13//13 9//9 14//14
f 13//13 14//14 15//15
f 15//15 14//14 16//16
f 15//15 16//16 17//17
f 17//17 16//16 18//18
f 17//17 18//18 19//19
f 19//19 18//18 20//20
f 19//19 20//20 21//21
f 21//21 20//20 22//22
f 21//21 22//22 23//23
f 23//23 22//22 24//24
f 23//23 24//24 25//25
f 25//25 24//24 26//26
f 26//26 24//24 27//27
f 26//26 27//27 28//28
f 28//28 27//27 29//29
f 28//28 29//29 30//30
f 30//30 29//29 31//31
f 30//30 31//31 32//32
f 32//32 31//31 33//33
f 32//32 33//33 34//34
f 10//10 35//35 36//36
f 35//35 10//10 12//12
f 36//36 35//35 37//37
f 36//36 37//37 38//38
f 38//38 37//37 39//39
f 38//38 39//39 40//40
f 40//40 39//39 41//41
f 40//40 41//41 42//42
f 42//42 41//41 43//43
f 42//42 43//43 44//44
f 44//44 43//43 45//45
f 44//44 45//45 46//46
f 44//44 46//46 47//47
f 47//47 46//46 48//48
f 47//47 48//48 49//49
f 49//49 48//48 50//50
f 49//49 50//50 51//51
f 51//51 50//50 52//52
f 51//51 52//52 53//53
f 53//53 52//52 54//54
f 53//53 54//54 55//55
f 55//55 54//54 34//34
f 55//55 34//34 33//33
f 55//55 33//33 56//56
f 57//57 58//58 59//59
f 58//58 60//60 59//59
f 60//60 61//61 59//59
f 59//59 61//61 62//62
f 61//61 63//63 62//62
f 62//62 63//63 64//64
f 63//63 65//65 64//64
f 64//64 65//65 66//66
f 65//65 67//67 66//66
f 66//66 67//67 68//68
f 67//67 69//69 68//68
f 68//68 69//69 70//70
f 69//69 71//71 70//70
f 71//71 72//72 70//70
f 70//70 72//72 73//73
f 72//72 74//74 73//73
f 73//73 74//74 75//75
f 74//74 76//76 75//75
f 75//75 76//76 77//77
f 76//76 78//78 77//77
f 77//77 78//78 79//79
f 78//78 80//80 79//79
f 81//81 82//82 80//80
f 79//79 80//80 82//82
f 60//60 58//58 83//83
f 58//58 84//84 83//83
f 83//83 84//84 85//85
f 84//84 86//86 85//85
f 85//85 86//86 87//87
f 86//86 88//88 87//87
f 87//87 88//88 89//89
f 88//88 90//90 89//89
f 89//89 90//90 91//91
f 91//91 90//90 92//92
f 90//90 93//93 92//92
f 92//92 93//93 94//94
f 93//93 95//95 94//94
f 94//94 95//95 96//96
f 95//95 97//97 96//96
f 96//96 97//97 98//98
f 97//97 99//99 98//98
f 98//98 99//99 100//100
f 99//99 101//101 100//100
f 100//100 101//101 102//102
f 101//101 103//103 102//102
f 102//102 103//103 81//81
f 81//81 103//103 82//82
f 104//104 82//82 103//103
f 105//105 3//3 106//106
f 3//3 105//105 1//1
f 6//6 107//107 8//8
f 108//108 8//8 107//107
f 109//109 110//110 111//111
f 110//110 109//109 112//112
f 112//112 109//109 113//113
f 113//113 109//109 114//114
f 113//113 114//114 115//115
f 115//115 114//114 116//116
f 115//115 116//116 117//117
f 117//117 116//116 118//118
f 117//117 118//118 119//119
f 119//119 118//118 120//120
f 119//119 120//120 121//121
f 121//121 120//120 122//122
f 121//121 122//122 123//123
f 123//123 122//122 124//124
f 124//124 122//122 125//125
f 124//124 125//125 126//126
f 126//126 125//125 127//127
f 126//126 127//127 128//128
f 128//128 127//127 129//129
f 128//128 129//129 130//130
f 130//130 129//129 131//131
f 130//130 131//131 132//132
f 132//132 131//131 133//133
f 132//132 133//133 134//134
f 110//110 135//135 136//136
f 135//135 110//110 112//112
f 136//136 135//135 137//137
f 136//136 137//137 138//138
f 138//138 137//137 139//139
f 138//138 139//139 140//140
f 140//140 139//139 141//141
f 140//140 141//141 142//142
f 142//142 141//141 143//143
f 142//142 143//143 144//144
f 144//144 143//143 145//145
f 144//144 145//145 146//146
f 146//146 145//145 147//147
f 146//146 147//147 148//148
f 146//146 148//148 149//149
f 149//149 148//148 150//150
f 149//149 150//150 151//151
f 151//151 150//150 152//152
f 151//151 152//152 153//153
f 153//153 152//152 154//154
f 153//153 154//154 155//155
f 155//155 154//154 134//134
f 155//155 134//134 133//133
f 155//155 133//133 156//156
f 157//157 158//158 159//159
f 158//158 160//160 159//159
f 160//160 161//161 159//159
f 159//159 161//161 162//162
f 161//161 163//163 162//162
f 162//162 163//163 164//164
f 163//163 165//165 164//164
f 164//164 165//165 166//166
f 165//165 167//167 166//166
f 166//166 167//167 168//168
f 167//167 169//169 168//168
f 169//169 170//170 168//168
f 168//168 170//170 171//171
f 170//170 172//172 171//171
f 171//171 172//172 173//173
f 172//172 174//174 173//173
f 173//173 174//174 175//175
f 174//174 176//176 175//175
f 175//175 176//176 177//177
f 176//176 178//178 177//177
f 177//177 178//178 179//179
f 178//178 180//180 179//179
f 181//181 182//182 180//180
f 179//179 180//180 182//182
f 160//160 158//158 183//183
f 158//158 184//184 183//183
f 183//183 184//184 185//185
f 184//184 186//186 185//185
f 185//185 186//186 187//187
f 186//186 188//188 187//187
f 187//187 188//188 189//189
f 188//188 190//190 189//189
f 189//189 190//190 191//191
f 190//190 192//192 191//191
f 191//191 192//192 193//193
f 193//193 192//192 194//194
f 192//192 195//195 194//194
f 194//194 195//195 196//196
f 195//195 197//197 196//196
f 196//196 197//197 198//198
f 197//197 199//199 198//198
f 198//198 199//199 200//200
f 199//199 201//201 200//200
f 200//200 201//201 202//202
f 201//201 203//203 202//202
f 202//202 203//203 181//181
f 181//181 203//203 182//182
f 204//204 182//182 203//203
f 4//4 205//205 2//2
f 205//205 4//4 206//206
f 207//207 5//5 208//208
f 7//7 208//208 5//5
f 209//209 210//210 211//211
f 210//210 209//209 212//212
f 213//213 214//214 215//215
f 216//216 215//215 214//214
f 211//211 217//217 218//218
f 217//217 211//211 210//210
f 215//215 216//216 219//219
f 220//220 219//219 216//216
f 217//217 221//221 218//218
f 221//221 217//217 222//222
f 223//223 219//219 224//224
f 220//220 224//224 219//219
f 222//222 225//225 221//221
f 225//225 222//222 226//226
f 227//227 223//223 228//228
f 224//224 228//228 223//223
f 226//226 229//229 225//225
f 229//229 226//226 230//230
f 231//231 227//227 232//232
f 228//228 232//232 227//227
f 230//230 233//233 229//229
f 233//233 230//230 234//234
f 235//235 231//231 236//236
f 232//232 236//236 231//231
f 234//234 237//237 233//233
f 237//237 234//234 238//238
f 239//239 235//235 240//240
f 236//236 240//240 235//235
f 238//238 241//241 237//237
f 241//241 238//238 242//242
f 243//243 239//239 244//244
f 240//240 244//244 239//239
f 242//242 245//245 241//241
f 245//245 242//242 246//246
f 247//247 243//243 248//248
f 244//244 248//248 243//243
f 246//246 249//249 245//245
f 249//249 246//246 250//250
f 251//251 247//247 252//252
f 248//248 252//252 247//247
f 250//250 106//106 249//249
f 106//106 250//250 105//105
f 107//107 251//251 108//108
f 252//252 108//108 251//251
f 206//206 253//253 205//205
f 253//253 206//206 254//254
f 255//255 207//207 256//256
f 208//208 256//256 207//207
f 254//254 257//257 253//253
f 257//257 254//254 258//258
f 259//259 255//255 260//260
f 256//256 260//260 255//255
f 258//258 261//261 257//257
f 261//261 258//258 262//262
f 263//263 259//259 264//264
f 260//260 264//264 259//259
f 262//262 265//265 261//261
f 265//265 262//262 266//266
f 267//267 263//263 268//268
f 264//264 268//268 263//263
f 266//266 269//269 265//265
f 269//269 266//266 270//270
f 271//271 267//267 272//272
f 268//268 272//272 267//267
f 270//270 273//273 269//269
f 273//273 270//270 274//274
f 275//275 271//271 276//276
f 272//272 276//276 271//271
f 273//273 277//277 278//278
f 277//277 273//273 274//274
f 275//275 276//276 279//279
f 280//280 279//279 276//276
f 278//278 281//281 282//282
f 281//281 278//278 277//277
f 279//279 280//280 283//283
f 284//284 283//283 280//280
f 282//282 285//285 286//286
f 285//285 282//282 281//281
f 283//283 284//284 287//287
f 288//288 287//287 284//284
f 286//286 212//212 209//209
f 212//212 286//286 285//285
f 287//287 288//288 213//213
f 214//214 213//213 288//288
f 289//289 290//290 291//291
f 290//290 289//289 292//292
f 293//293 294//294 295//295
f 296//296 295//295 294//294
f 297//297 292//292 289//289
f 292//292 297//297 298//298
f 299//299 300//300 293//293
f 294//294 293//293 300//300
f 291//291 301//301 302//302
f 301//301 291//291 290//290
f 295//295 296//296 303//303
f 304//304 303//303 296//296
f 305//305 298//298 297//297
f 298//298 305//305 306//306
f 307//307 308//308 299//299
f 300//300 299//299 308//308
f 302//302 309//309 310//310
f 309//309 302//302 301//301
f 303//303 304//304 311//311
f 312//312 311//311 304//304
f 313//313 305//305 314//314
f 305//305 313//313 306//306
f 307//307 315//315 308//308
f 316//316 308//308 315//315
f 310//310 317//317 318//318
f 317//317 310//310 309//309
f 311//311 312//312 319//319
f 320//320 319//319 312//312
f 321//321 314//314 322//322
f 314//314 321//321 313//313
f 315//315 323//323 316//316
f 324//324 316//316 323//323
f 317//317 325//325 318//318
f 325//325 317//317 326//326
f 327//327 319//319 328//328
f 320//320 328//328 319//319
f 329//329 322//322 330//330
f 322//322 329//329 321//321
f 323//323 331//331 324//324
f 332//332 324//324 331//331
f 326//326 333//333 325//325
f 333//333 326//326 334//334
f 335//335 327//327 336//336
f 328//328 336//336 327//327
f 337//337 330//330 338//338
f 330//330 337//337 329//329
f 331//331 339//339 332//332
f 340//340 332//332 339//339
f 334//334 341//341 333//333
f 341//341 334//334 342//342
f 343//343 335//335 344//344
f 336//336 344//344 335//335
f 345//345 338//338 346//346
f 338//338 345//345 337//337
f 339//339 347//347 340//340
f 348//348 340//340 347//347
f 342//342 349//349 341//341
f 349//349 342//342 350//350
f 351//351 343//343 352//352
f 344//344 352//352 343//343
f 353//353 346//346 354//354
f 346//346 353//353 345//345
f 347//347 355//355 348//348
f 356//356 348//348 355//355
f 350//350 357//357 349//349
f 357//357 350//350 358//358
f 359//359 351//351 360//360
f 352//352 360//360 351//351
f 361//361 354//354 362//362
f 354//354 361//361 353//353
f 355//355 363//363 356//356
f 364//364 356//356 363//363
f 358//358 365//365 357//357
f 365//365 358//358 366//366
f 367//367 359//359 368//368
f 360//360 368//368 359//359
f 369//369 362//362 370//370
f 362//362 369//369 361//361
f 363//363 371//371 364//364
f 372//372 364//364 371//371
f 366//366 373//373 365//365
f 373//373 366//366 374//374
f 375//375 367//367 376//376
f 368//368 376//376 367//367
f 377//377 370//370 378//378
f 370//370 377//377 369//369
f 371//371 379//379 372//372
f 380//380 372//372 379//379
f 374//374 381//381 373//373
f 381//381 374//374 382//382
f 383//383 375//375 384//384
f 376//376 384//384 375//375
f 382//382 378//378 381//381
f 378//378 382//382 377//377
f 379//379 383//383 380//380
f 384//384 380//380 383//383
f 385//385 386//386 387//387
f 386//386 385//385 388//388
f 388//388 385//385 389//389
f 389//389 385//385 390//390
f 390//390 385//385 391//391
f 390//390 391//391 392//392
f 392//392 391//391 393//393
f 393//393 391//391 394//394
f 394//394 391//391 395//395
f 395//395 391//391 396//396
f 395//395 396//396 397//397
f 397//397 396//396 398//398
f 398//398 396//396 399//399
f 399//399 396//396 400//400
f 399//399 400//400 401//401
f 401//401 400//400 402//402
f 402//402 400//400 403//403
f 403//403 400//400 404//404
f 404//404 400//400 405//405
f 404//404 405//405 406//406
f 406//406 405//405 407//407
f 406//406 407//407 408//408
f 408//408 407//407 409//409
f 408//408 409//409 410//410
f 411//411 412//412 413//413
f 412//412 411//411 414//414
f 414//414 411//411 415//415
f 414//414 415//415 416//416
f 416//416 415//415 417//417
f 416//416 417//417 418//418
f 418//418 417//417 387//387
f 418//418 387//387 419//419
f 419//419 387//387 386//386
f 419//419 386//386 420//420
f 419//419 420//420 421//421
f 419//419 421//421 422//422
f 419//419 422//422 423//423
f 423//423 422//422 424//424
f 423//423 424//424 425//425
f 423//423 425//425 426//426
f 423//423 426//426 427//427
f 427//427 426//426 428//428
f 427//427 428//428 429//429
f 427//427 429//429 430//430
f 427//427 430//430 431//431
f 427//427 431//431 403//403
f 403//403 431//431 432//432
f 403//403 432//432 402//402
f 433//433 434//434 435//435
f 434//434 433//433 436//436
f 437//437 435//435 438//438
f 435//435 437//437 433//433
f 439//439 440//440 441//441
f 440//440 439//439 442//442
f 440//440 442//442 443//443
f 436//436 444//444 434//434
f 444//444 436//436 445//445
f 444//444 445//445 446//446
f 447//447 448//448 449//449
f 448//448 447//447 450//450
f 450//450 447//447 451//451
f 450//450 451//451 452//452
f 452//452 451//451 453//453
f 452//452 453//453 454//454
f 454//454 453//453 455//455
f 454//454 455//455 456//456
f 456//456 455//455 457//457
f 456//456 457//457 458//458
f 458//458 457//457 459//459
f 458//458 459//459 460//460
f 460//460 459//459 461//461
f 460//460 461//461 462//462
f 460//460 462//462 463//463
f 463//463 462//462 464//464
f 463//463 464//464 465//465
f 465//465 464//464 466//466
f 465//465 466//466 467//467
f 467//467 466//466 468//468
f 468//468 466//466 469//469
f 468//468 469//469 470//470
f 471//471 438//438 472//472
f 438//438 471//471 473//473
f 438//438 473//473 437//437
f 474//474 443//443 442//442
f 443//443 474//474 475//475
f 475//475 474//474 476//476
f 475//475 476//476 477//477
f 477//477 476//476 478//478
f 477//477 478//478 479//479
f 479//479 478//478 480//480
f 479//479 480//480 481//481
f 446//446 482//482 444//444
f 482//482 446//446 483//483
f 484//484 485//485 486//486
f 485//485 484//484 487//487
f 486//486 488//488 489//489
f 488//488 486//486 490//490
f 490//490 486//486 485//485
f 489//489 491//491 492//492
f 491//491 489//489 488//488
f 492//492 493//493 494//494
f 493//493 492//492 491//491
f 494//494 495//495 496//496
f 495//495 494//494 497//497
f 497//497 494//494 493//493
f 496//496 498//498 499//499
f 498//498 496//496 495//495
f 498//498 500//500 499//499
f 500//500 498//498 501//501
f 501//501 502//502 500//500
f 502//502 501//501 503//503
f 503//503 501//501 504//504
f 503//503 505//505 502//502
f 505//505 503//503 506//506
f 507//507 508//508 509//509
f 508//508 507//507 510//510
f 508//508 511//511 512//512
f 511//511 508//508 510//510
f 511//511 510//510 513//513
f 512//512 514//514 515//515
f 514//514 512//512 511//511
f 514//514 472//472 515//515
f 472//472 514//514 471//471
f 482//482 516//516 517//517
f 516//516 482//482 483//483
f 517//517 518//518 519//519
f 518//518 517//517 516//516
f 518//518 516//516 520//520
f 518//518 521//521 519//519
f 521//521 518//518 522//522
f 522//522 523//523 521//521
f 523//523 522//522 524//524
f 524//524 525//525 523//523
f 525//525 524//524 526//526
f 526//526 524//524 527//527
f 526//526 484//484 525//525
f 484//484 526//526 487//487
f 528//528 481//481 480//480
f 481//481 528//528 529//529
f 529//529 528//528 530//530
f 529//529 530//530 531//531
f 532//532 533//533 534//534
f 533//533 532//532 535//535
f 535//535 532//532 536//536
f 536//536 532//532 537//537
f 536//536 537//537 538//538
f 538//538 537//537 539//539
f 538//538 539//539 540//540
f 538//538 540//540 541//541
f 542//542 541//541 540//540
f 541//541 542//542 543//543
f 543//543 542//542 544//544
f 545//545 531//531 530//530
f 531//531 545//545 546//546
f 546//546 545//545 534//534
f 546//546 534//534 533//533
f 547//547 548//548 549//549
f 548//548 547//547 550//550
f 550//550 551//551 548//548
f 551//551 550//550 552//552
f 551//551 552//552 553//553
f 554//554 555//555 556//556
f 555//555 554//554 557//557
f 555//555 557//557 558//558
f 558//558 557//557 559//559
f 559//559 557//557 560//560
f 561//561 547//547 549//549
f 547//547 561//561 562//562
f 552//552 563//563 553//553
f 563//563 552//552 564//564
f 554//554 565//565 566//566
f 565//565 554//554 567//567
f 567//567 554//554 568//568
f 568//568 554//554 556//556
f 567//567 569//569 565//565
f 569//569 567//567 570//570
f 569//569 570//570 571//571
f 557//557 572//572 560//560
f 572//572 557//557 573//573
f 574//574 562//562 561//561
f 562//562 574//574 575//575
f 562//562 575//575 576//576
f 564//564 577//577 563//563
f 577//577 564//564 578//578
f 578//578 579//579 577//577
f 579//579 578//578 580//580
f 579//579 580//580 581//581
f 569//569 582//582 583//583
f 582//582 569//569 571//571
f 583//583 582//582 584//584
f 583//583 584//584 585//585
f 583//583 585//585 586//586
f 587//587 588//588 589//589
f 588//588 587//587 590//590
f 588//588 590//590 591//591
f 591//591 590//590 592//592
f 591//591 592//592 593//593
f 593//593 592//592 594//594
f 593//593 594//594 595//595
f 595//595 594//594 596//596
f 595//595 596//596 597//597
f 597//597 596//596 598//598
f 598//598 596//596 599//599
f 599//599 596//596 600//600
f 600//600 596//596 601//601
f 600//600 601//601 602//602
f 602//602 601//601 603//603
f 603//603 601//601 604//604
f 604//604 601//601 605//605
f 604//604 605//605 606//606
f 606//606 605//605 607//607
f 607//607 605//605 608//608
f 608//608 605//605 609//609
f 609//609 605//605 610//610
f 609//609 610//610 611//611
f 611//611 610//610 612//612
f 597//597 613//613 595//595
f 613//613 597//597 614//614
f 613//613 614//614 615//615
f 613//613 615//615 616//616
f 613//613 616//616 617//617
f 617//617 616//616 618//618
f 617//617 618//618 619//619
f 617//617 619//619 620//620
f 617//617 620//620 621//621
f 617//617 621//621 622//622
f 622//622 621//621 623//623
f 622//622 623//623 624//624
f 622//622 624//624 625//625
f 622//622 625//625 626//626
f 626//626 625//625 627//627
f 626//626 627//627 612//612
f 626//626 612//612 610//610
f 626//626 610//610 628//628
f 626//626 628//628 629//629
f 629//629 628//628 630//630
f 629//629 630//630 631//631
f 631//631 630//630 632//632
f 631//631 632//632 633//633
f 633//633 632//632 634//634
f 565//565 635//635 566//566
f 635//635 565//565 636//636
f 637//637 576//576 575//575
f 576//576 637//637 638//638
f 580//580 639//639 581//581
f 639//639 580//580 640//640
f 640//640 641//641 639//639
f 641//641 640//640 642//642
f 642//642 643//643 641//641
f 643//643 642//642 644//644
f 644//644 642//642 645//645
f 646//646 583//583 586//586
f 583//583 646//646 647//647
f 648//648 649//649 650//650
f 649//649 648//648 651//651
f 652//652 650//650 653//653
f 650//650 652//652 648//648
f 654//654 653//653 655//655
f 653//653 654//654 652//652
f 656//656 655//655 657//657
f 655//655 656//656 654//654
f 636//636 657//657 635//635
f 657//657 636//636 656//656
f 658//658 659//659 660//660
f 659//659 658//658 661//661
f 662//662 659//659 661//661
f 659//659 662//662 663//663
f 663//663 662//662 664//664
f 663//663 664//664 665//665
f 663//663 665//665 666//666
f 667//667 668//668 669//669
f 668//668 667//667 670//670
f 668//668 670//670 671//671
f 672//672 663//663 666//666
f 663//663 672//672 673//673
f 673//673 672//672 671//671
f 673//673 671//671 670//670
f 674//674 670//670 675//675
f 670//670 674//674 673//673
f 676//676 675//675 677//677
f 675//675 676//676 674//674
f 678//678 677//677 679//679
f 677//677 678//678 676//676
f 680//680 679//679 681//681
f 679//679 680//680 678//678
f 682//682 681//681 683//683
f 681//681 682//682 680//680
f 684//684 683//683 685//685
f 683//683 684//684 682//682
f 684//684 686//686 687//687
f 686//686 684//684 685//685
f 687//687 688//688 689//689
f 688//688 687//687 686//686
f 689//689 690//690 691//691
f 690//690 689//689 688//688
f 691//691 692//692 693//693
f 692//692 691//691 690//690
f 693//693 694//694 695//695
f 694//694 693//693 692//692
f 695//695 649//649 651//651
f 649//649 695//695 694//694
f 696//696 637//637 697//697
f 637//637 696//696 638//638
f 645//645 698//698 644//644
f 698//698 645//645 699//699
f 698//698 700//700 701//701
f 700//700 698//698 699//699
f 702//702 703//703 704//704
f 703//703 702//702 701//701
f 703//703 701//701 700//700
f 704//704 705//705 706//706
f 705//705 704//704 703//703
f 706//706 707//707 708//708
f 707//707 706//706 705//705
f 709//709 710//710 711//711
f 710//710 709//709 707//707
f 707//707 709//709 708//708
f 711//711 712//712 713//713
f 712//712 711//711 710//710
f 713//713 714//714 715//715
f 714//714 713//713 712//712
f 716//716 717//717 718//718
f 717//717 716//716 714//714
f 714//714 716//716 715//715
f 667//667 719//719 720//720
f 719//719 667//667 721//721
f 721//721 667//667 722//722
f 722//722 667//667 723//723
f 723//723 667//667 669//669
f 720//720 724//724 725//725
f 724//724 720//720 719//719
f 726//726 727//727 728//728
f 727//727 726//726 697//697
f 697//697 726//726 696//696
f 718//718 729//729 730//730
f 729//729 718//718 717//717
f 729//729 728//728 730//730
f 728//728 729//729 726//726
f 731//731 732//732 733//733
f 732//732 731//731 734//734
f 733//733 735//735 736//736
f 735//735 733//733 732//732
f 731//731 737//737 734//734
f 737//737 731//731 738//738
f 736//736 739//739 740//740
f 739//739 736//736 735//735
f 738//738 741//741 737//737
f 741//741 738//738 742//742
f 740//740 743//743 744//744
f 743//743 740//740 739//739
f 742//742 745//745 741//741
f 745//745 742//742 746//746
f 744//744 747//747 748//748
f 747//747 744//744 743//743
f 746//746 749//749 745//745
f 749//749 746//746 750//750
f 748//748 751//751 752//752
f 751//751 748//748 747//747
f 750//750 753//753 749//749
f 753//753 750//750 754//754
f 755//755 751//751 756//756
f 751//751 755//755 752//752
f 754//754 757//757 753//753
f 757//757 754//754 758//758
f 759//759 756//756 760//760
f 756//756 759//759 755//755
f 757//757 761//761 762//762
f 761//761 757//757 758//758
f 763//763 760//760 764//764
f 760//760 763//763 759//759
f 762//762 765//765 766//766
f 765//765 762//762 761//761
f 767//767 764//764 768//768
f 764//764 767//767 763//763
f 766//766 769//769 770//770
f 769//769 766//766 765//765
f 771//771 768//768 772//772
f 768//768 771//771 767//767
f 770//770 773//773 774//774
f 773//773 770//770 769//769
f 775//775 772//772 776//776
f 772//772 775//775 771//771
f 774//774 777//777 778//778
f 777//777 774//774 773//773
f 778//778 775//775 776//776
f 775//775 778//778 777//777
f 779//779 780//780 781//781
f 780//780 779//779 782//782
f 780//780 782//782 783//783
f 783//783 782//782 784//784
f 783//783 784//784 785//785
f 785//785 784//784 786//786
f 785//785 786//786 787//787
f 787//787 786//786 788//788
f 787//787 788//788 789//789
f 789//789 788//788 790//790
f 789//789 790//790 791//791
f 791//791 790//790 792//792
f 791//791 792//792 793//793
f 793//793 792//792 794//794
f 793//793 794//794 795//795
f 795//795 794//794 796//796
f 795//795 796//796 797//797
f 797//797 796//796 798//798
f 797//797 798//798 799//799
f 799//799 798//798 800//800
f 799//799 800//800 801//801
f 801//801 800//800 802//802
f 803//803 804//804 805//805
f 804//804 803//803 806//806
f 807//807 808//808 809//809
f 810//810 809//809 808//808
f 811//811 812//812 813//813
f 812//812 811//811 814//814
f 814//814 811//811 815//815
f 815//815 811//811 816//816
f 815//815 816//816 817//817
f 817//817 816//816 818//818
f 817//817 818//818 819//819
f 819//819 818//818 820//820
f 819//819 820//820 821//821
f 821//821 820//820 822//822
f 821//821 822//822 823//823
f 823//823 822//822 824//824
f 823//823 824//824 825//825
f 825//825 824//824 826//826
f 825//825 826//826 827//827
f 827//827 826//826 828//828
f 828//828 826//826 829//829
f 828//828 829//829 830//830
f 830//830 829//829 831//831
f 830//830 831//831 832//832
f 832//832 831//831 833//833
f 832//832 833//833 834//834
f 834//834 833//833 835//835
f 834//834 835//835 836//836
f 812//812 837//837 838//838
f 837//837 812//812 814//814
f 838//838 837//837 839//839
f 838//838 839//839 840//840
f 840//840 839//839 841//841
f 840//840 841//841 842//842
f 842//842 841//841 843//843
f 842//842 843//843 844//844
f 844//844 843//843 845//845
f 844//844 845//845 846//846
f 846//846 845//845 847//847
f 846//846 847//847 848//848
f 846//846 848//848 849//849
f 849//849 848//848 850//850
f 849//849 850//850 851//851
f 851//851 850//850 852//852
f 851//851 852//852 853//853
f 853//853 852//852 854//854
f 853//853 854//854 855//855
f 855//855 854//854 856//856
f 855//855 856//856 857//857
f 857//857 856//856 836//836
f 857//857 836//836 835//835
f 857//857 835//835 858//858
f 859//859 860//860 861//861
f 860//860 862//862 861//861
f 862//862 863//863 861//861
f 861//861 863//863 864//864
f 863//863 865//865 864//864
f 864//864 865//865 866//866
f 865//865 867//867 866//866
f 866//866 867//867 868//868
f 867//867 869//869 868//868
f 868//868 869//869 870//870
f 869//869 871//871 870//870
f 870//870 871//871 872//872
f 871//871 873//873 872//872
f 873//873 874//874 872//872
f 872//872 874//874 875//875
f 874//874 876//876 875//875
f 875//875 876//876 877//877
f 876//876 878//878 877//877
f 877//877 878//878 879//879
f 878//878 880//880 879//879
f 879//879 880//880 881//881
f 880//880 882//882 881//881
f 883//883 884//884 882//882
f 881//881 882//882 884//884
f 862//862 860//860 885//885
f 860//860 886//886 885//885
f 885//885 886//886 887//887
f 886//886 888//888 887//887
f 887//887 888//888 889//889
f 888//888 890//890 889//889
f 889//889 890//890 891//891
f 890//890 892//892 891//891
f 891//891 892//892 893//893
f 893//893 892//892 894//894
f 892//892 895//895 894//894
f 894//894 895//895 896//896
f 895//895 897//897 896//896
f 896//896 897//897 898//898
f 897//897 899//899 898//898
f 898//898 899//899 900//900
f 899//899 901//901 900//900
f 900//900 901//901 902//902
f 901//901 903//903 902//902
f 902//902 903//903 904//904
f 903//903 905//905 904//904
f 904//904 905//905 883//883
f 883//883 905//905 884//884
f 906//906 884//884 905//905
f 907//907 805//805 908//908
f 805//805 907//907 803//803
f 808//808 909//909 810//810
f 910//910 810//810 909//909
f 911//911 912//912 913//913
f 912//912 911//911 914//914
f 914//914 911//911 915//915
f 915//915 911//911 916//916
f 915//915 916//916 917//917
f 917//917 916//916 918//918
f 917//917 918//918 919//919
f 919//919 918//918 920//920
f 919//919 920//920 921//921
f 921//921 920//920 922//922
f 921//921 922//922 923//923
f 923//923 922//922 924//924
f 923//923 924//924 925//925
f 925//925 924//924 926//926
f 926//926 924//924 927//927
f 926//926 927//927 928//928
f 928//928 927//927 929//929
f 928//928 929//929 930//930
f 930//930 929//929 931//931
f 930//930 931//931 932//932
f 932//932 931//931 933//933
f 932//932 933//933 934//934
f 934//934 933//933 935//935
f 934//934 935//935 936//936
f 912//912 937//937 938//938
f 937//937 912//912 914//914
f 938//938 937//937 939//939
f 938//938 939//939 940//940
f 940//940 939//939 941//941
f 940//940 941//941 942//942
f 942//942 941//941 943//943
f 942//942 943//943 944//944
f 944//944 943//943 945//945
f 944//944 945//945 946//946
f 946//946 945//945 947//947
f 946//946 947//947 948//948
f 948//948 947//947 949//949
f 948//948 949//949 950//950
f 948//948 950//950 951//951
f 951//951 950//950 952//952
f 951//951 952//952 953//953
f 953//953 952//952 954//954
f 953//953 954//954 955//955
f 955//955 954//954 956//956
f 955//955 956//956 957//957
f 957//957 956//956 936//936
f 957//957 936//936 935//935
f 957//957 935//935 958//958
f 959//959 960//960 961//961
f 960//960 962//962 961//961
f 962//962 963//963 961//961
f 961//961 963//963 964//964
f 963//963 965//965 964//964
f 964//964 965//965 966//966
f 965//965 967//967 966//966
f 966//966 967//967 968//968
f 967//967 969//969 968//968
f 968//968 969//969 970//970
f 969//969 971//971 970//970
f 971//971 972//972 970//970
f 970//970 972//972 973//973
f 972//972 974//974 973//973
f 973//973 974//974 975//975
f 974//974 976//976 975//975
f 975//975 976//976 977//977
f 976//976 978//978 977//977
f 977//977 978//978 979//979
f 978//978 980//980 979//979
f 979//979 980//980 981//981
f 980//980 982//982 981//981
f 983//983 984//984 982//982
f 981//981 982//982 984//984
f 962//962 960//960 985//985
f 960//960 986//986 985//985
f 985//985 986//986 987//987
f 986//986 988//988 987//987
f 987//987 988//988 989//989
f 988//988 990//990 989//989
f 989//989 990//990 991//991
f 990//990 992//992 991//991
f 991//991 992//992 993//993
f 992//992 994//994 993//993
f 993//993 994//994 995//995
f 995//995 994//994 996//996
f 994//994 997//997 996//996
f 996//996 997//997 998//998
f 997//997 999//999 998//998
f 998//998 999//999 1000//1000
f 999//999 1001//1001 1000//1000
f 1000//1000 1001//1001 1002//1002
f 1001//1001 1003//1003 1002//1002
f 1002//1002 1003//1003 1004//1004
f 1003//1003 1005//1005 1004//1004
f 1004//1004 1005//1005 983//983
f 983//983 1005//1005 984//984
f 1006//1006 984//984 1005//1005
f 806//806 1007//1007 804//804
f 1007//1007 806//806 1008//1008
f 1009//1009 807//807 1010//1010
f 809//809 1010//1010 807//807
f 1011//1011 1012//1012 1013//1013
f 1012//1012 1011//1011 1014//1014
f 1015//1015 1016//1016 1017//1017
f 1018//1018 1017//1017 1016//1016
f 1013//1013 1019//1019 1020//1020
f 1019//1019 1013//1013 1012//1012
f 1017//1017 1018//1018 1021//1021
f 1022//1022 1021//1021 1018//1018
f 1019//1019 1023//1023 1020//1020
f 1023//1023 1019//1019 1024//1024
f 1025//1025 1021//1021 1026//1026
f 1022//1022 1026//1026 1021//1021
f 1024//1024 1027//1027 1023//1023
f 1027//1027 1024//1024 1028//1028
f 1029//1029 1025//1025 1030//1030
f 1026//1026 1030//1030 1025//1025
f 1028//1028 1031//1031 1027//1027
f 1031//1031 1028//1028 1032//1032
f 1033//1033 1029//1029 1034//1034
f 1030//1030 1034//1034 1029//1029
f 1032//1032 1035//1035 1031//1031
f 1035//1035 1032//1032 1036//1036
f 1037//1037 1033//1033 1038//1038
f 1034//1034 1038//1038 1033//1033
f 1036//1036 1039//1039 1035//1035
f 1039//1039 1036//1036 1040//1040
f 1041//1041 1037//1037 1042//1042
f 1038//1038 1042//1042 1037//1037
f 1040//1040 1043//1043 1039//1039
f 1043//1043 1040//1040 1044//1044
f 1045//1045 1041//1041 1046//1046
f 1042//1042 1046//1046 1041//1041
f 1044//1044 1047//1047 1043//1043
f 1047//1047 1044//1044 1048//1048
f 1049//1049 1045//1045 1050//1050
f 1046//1046 1050//1050 1045//1045
f 1048//1048 1051//1051 1047//1047
f 1051//1051 1048//1048 1052//1052
f 1053//1053 1049//1049 1054//1054
f 1050//1050 1054//1054 1049//1049
f 1052//1052 908//908 1051//1051
f 908//908 1052//1052 907//907
f 909//909 1053//1053 910//910
f 1054//1054 910//910 1053//1053
f 1008//1008 1055//1055 1007//1007
f 1055//1055 1008//1008 1056//1056
f 1057//1057 1009//1009 1058//1058
f 1010//1010 1058//1058 1009//1009
f 1056//1056 1059//1059 1055//1055
f 1059//1059 1056//1056 1060//1060
f 1061//1061 1057//1057 1062//1062
f 1058//1058 1062//1062 1057//1057
f 1060//1060 1063//1063 1059//1059
f 1063//1063 1060//1060 1064//1064
f 1065//1065 1061//1061 1066//1066
f 1062//1062 1066//1066 1061//1061
f 1064//1064 1067//1067 1063//1063
f 1067//1067 1064//1064 1068//1068
f 1069//1069 1065//1065 1070//1070
f 1066//1066 1070//1070 1065//1065
f 1068//1068 1071//1071 1067//1067
f 1071//1071 1068//1068 1072//1072
f 1073//1073 1069//1069 1074//1074
f 1070//1070 1074//1074 1069//1069
f 1072//1072 1075//1075 1071//1071
f 1075//1075 1072//1072 1076//1076
f 1077//1077 1073//1073 1078//1078
f 1074//1074 1078//1078 1073//1073
f 1075//1075 1079//1079 1080//1080
f 1079//1079 1075//1075 1076//1076
f 1077//1077 1078//1078 1081//1081
f 1082//1082 1081//1081 1078//1078
f 1080//1080 1083//1083 1084//1084
f 1083//1083 1080//1080 1079//1079
f 1081//1081 1082//1082 1085//1085
f 1086//1086 1085//1085 1082//1082
f 1084//1084 1087//1087 1088//1088
f 1087//1087 1084//1084 1083//1083
f 1085//1085 1086//1086 1089//1089
f 1090//1090 1089//1089 1086//1086
f 1088//1088 1014//1014 1011//1011
f 1014//1014 1088//1088 1087//1087
f 1089//1089 1090//1090 1015//1015
f 1016//1016 1015//1015 1090//1090
f 1091//1091 1092//1092 1093//1093
f 1092//1092 1091//1091 1094//1094
f 1095//1095 1096//1096 1097//1097
f 1098//1098 1097//1097 1096//1096
f 1099//1099 1094//1094 1091//1091
f 1094//1094 1099//1099 1100//1100
f 1101//1101 1102//1102 1095//1095
f 1096//1096 1095//1095 1102//1102
f 1093//1093 1103//1103 1104//1104
f 1103//1103 1093//1093 1092//1092
f 1097//1097 1098//1098 1105//1105
f 1106//1106 1105//1105 1098//1098
f 1107//1107 1100//1100 1099//1099
f 1100//1100 1107//1107 1108//1108
f 1109//1109 1110//1110 1101//1101
f 1102//1102 1101//1101 1110//1110
f 1104//1104 1111//1111 1112//1112
f 1111//1111 1104//1104 1103//1103
f 1105//1105 1106//1106 1113//1113
f 1114//1114 1113//1113 1106//1106
f 1115//1115 1107//1107 1116//1116
f 1107//1107 1115//1115 1108//1108
f 1109//1109 1117//1117 1110//1110
f 1118//1118 1110//1110 1117//1117
f 1112//1112 1119//1119 1120//1120
f 1119//1119 1112//1112 1111//1111
f 1113//1113 1114//1114 1121//1121
f 1122//1122 1121//1121 1114//1114
f 1123//1123 1116//1116 1124//1124
f 1116//1116 1123//1123 1115//1115
f 1117//1117 1125//1125 1118//1118
f 1126//1126 1118//1118 1125//1125
f 1119//1119 1127//1127 1120//1120
f 1127//1127 1119//1119 1128//1128
f 1129//1129 1121//1121 1130//1130
f 1122//1122 1130//1130 1121//1121
f 1131//1131 1124//1124 1132//1132
f 1124//1124 1131//1131 1123//1123
f 1125//1125 1133//1133 1126//1126
f 1134//1134 1126//1126 1133//1133
f 1128//1128 1135//1135 1127//1127
f 1135//1135 1128//1128 1136//1136
f 1137//1137 1129//1129 1138//1138
f 1130//1130 1138//1138 1129//1129
f 1139//1139 1132//1132 1140//1140
f 1132//1132 1139//1139 1131//1131
f 1133//1133 1141//1141 1134//1134
f 1142//1142 1134//1134 1141//1141
f 1136//1136 1143//1143 1135//1135
f 1143//1143 1136//1136 1144//1144
f 1145//1145 1137//1137 1146//1146
f 1138//1138 1146//1146 1137//1137
f 1147//1147 1140//1140 1148//1148
f 1140//1140 1147//1147 1139//1139
f 1141//1141 1149//1149 1142//1142
f 1150//1150 1142//1142 1149//1149
f 1144//1144 1151//1151 1143//1143
f 1151//1151 1144//1144 1152//1152
f 1153//1153 1145//1145 1154//1154
f 1146//1146 1154//1154 1145//1145
f 1155//1155 1148//1148 1156//1156
f 1148//1148 1155//1155 1147//1147
f 1149//1149 1157//1157 1150//1150
f 1158//1158 1150//1150 1157//1157
f 1152//1152 1159//1159 1151//1151
f 1159//1159 1152//1152 1160//1160
f 1161//1161 1153//1153 1162//1162
f 1154//1154 1162//1162 1153//1153
f 1163//1163 1156//1156 1164//1164
f 1156//1156 1163//1163 1155//1155
f 1157//1157 1165//1165 1158//1158
f 1166//1166 1158//1158 1165//1165
f 1160//1160 1167//1167 1159//1159
f 1167//1167 1160//1160 1168//1168
f 1169//1169 1161//1161 1170//1170
f 1162//1162 1170//1170 1161//1161
f 1171//1171 1164//1164 1172//1172
f 1164//1164 1171//1171 1163//1163
f 1165//1165 1173//1173 1166//1166
f 1174//1174 1166//1166 1173//1173
f 1168//1168 1175//1175 1167//1167
f 1175//1175 1168//1168 1176//1176
f 1177//1177 1169//1169 1178//1178
f 1170//1170 1178//1178 1169//1169
f 1179//1179 1172//1172 1180//1180
f 1172//1172 1179//1179 1171//1171
f 1173//1173 1181//1181 1174//1174
f 1182//1182 1174//1174 1181//1181
f 1176//1176 1183//1183 1175//1175
f 1183//1183 1176//1176 1184//1184
f 1185//1185 1177//1177 1186//1186
f 1178//1178 1186//1186 1177//1177
f 1184//1184 1180//1180 1183//1183
f 1180//1180 1184//1184 1179//1179
f 1181//1181 1185//1185 1182//1182
f 1186//1186 1182//1182 1185//1185
# 1176 faces, 0 coords texture

# End of File